open,high,low,close,volume,adjusted+AF8-close,date,ticker
24.459999,24.51,24.440001,24.450001,1000,19.465298,2015+AC0-10+AC0-21,ASHX
25.290001,25.299999,25.290001,25.299999,200,20.142002,2015+AC0-10+AC0-22,ASHX
26.040001,26.040001,25.780001,25.780001,3300,20.524145,2015+AC0-10+AC0-23,ASHX
25.879999,25.879999,25.299999,25.315001,2200,20.153946,2015+AC0-10+AC0-26,ASHX
25.309999,25.33,25.209999,25.23,13000,20.086275,2015+AC0-10+AC0-27,ASHX
25.360001,25.360001,24.49,24.49,23800,19.497143,2015+AC0-10+AC0-28,ASHX
24.690001,24.790001,24.690001,24.77,3200,19.720058,2015+AC0-10+AC0-29,ASHX
24.77,24.77,24.77,24.77,0,19.720058,2015+AC0-10+AC0-30,ASHX
24.440001,24.610001,24.440001,24.610001,1000,19.592678,2015+AC0-11+AC0-02,ASHX
24.445999,24.445999,24.440001,24.440001,2300,19.457335,2015+AC0-11+AC0-03,ASHX
25.68,25.68,25.68,25.68,800,20.444532,2015+AC0-11+AC0-04,ASHX
25.969999,26.09,25.969999,26.09,1600,20.770945,2015+AC0-11+AC0-05,ASHX
26.320999,26.75,26.320999,26.75,3500,21.296387,2015+AC0-11+AC0-06,ASHX
26.860001,26.91,26.66,26.66,4700,21.224737,2015+AC0-11+AC0-09,ASHX
26.76,26.83,26.76,26.83,1400,21.360079,2015+AC0-11+AC0-10,ASHX
27.120001,27.120001,27.01,27.01,1100,21.503378,2015+AC0-11+AC0-11,ASHX
26.59,26.59,26.49,26.52,1600,21.113279,2015+AC0-11+AC0-12,ASHX
26.23,26.23,25.472,25.472,500,20.278938,2015+AC0-11+AC0-13,ASHX
26.549999,26.549999,26.51,26.528,400,21.119646,2015+AC0-11+AC0-16,ASHX
26.43,26.540001,26.41,26.41,1900,21.025703,2015+AC0-11+AC0-17,ASHX
26.278,26.278,26.278,26.278,700,20.920616,2015+AC0-11+AC0-18,ASHX
26.629999,26.629999,26.51,26.51,2000,21.105316,2015+AC0-11+AC0-19,ASHX
26.736,26.74,26.73,26.73,1900,21.280464,2015+AC0-11+AC0-20,ASHX
26.426001,26.426001,26.426001,26.426001,500,21.038445,2015+AC0-11+AC0-23,ASHX
26.360001,26.469999,26.360001,26.469999,500,21.073471,2015+AC0-11+AC0-24,ASHX
26.629999,26.629999,26.629999,26.629999,400,21.200851,2015+AC0-11+AC0-25,ASHX
25.469999,25.780001,24.889999,25.017,10900,19.9167,2015+AC0-11+AC0-27,ASHX
25.063,25.290001,25.063,25.290001,1600,20.134043,2015+AC0-11+AC0-30,ASHX
25.49,25.57,25.42,25.459999,1200,20.269382,2015+AC0-12+AC0-01,ASHX
26.309999,26.309999,26.190001,26.200001,500,20.858521,2015+AC0-12+AC0-02,ASHX
26.280001,26.280001,26.08,26.09,1000,20.770945,2015+AC0-12+AC0-03,ASHX
26.129999,26.129999,26.093,26.093,400,20.773331,2015+AC0-12+AC0-04,ASHX
25.799999,25.870001,25.77,25.780001,2900,20.524145,2015+AC0-12+AC0-07,ASHX
25.780001,25.780001,25.780001,25.780001,0,20.524145,2015+AC0-12+AC0-08,ASHX
25.483999,25.483999,25.483999,25.483999,200,20.28849,2015+AC0-12+AC0-09,ASHX
25.4,25.4,25.219999,25.25,3400,20.102198,2015+AC0-12+AC0-10,ASHX
25.25,25.25,25.25,25.25,0,20.102198,2015+AC0-12+AC0-11,ASHX
25.915001,25.976,25.915001,25.976,800,20.680183,2015+AC0-12+AC0-14,ASHX
25.976,25.976,25.976,25.976,0,20.680183,2015+AC0-12+AC0-15,ASHX
25.620001,25.620001,25.26,25.35,3100,20.774427,2015+AC0-12+AC0-16,ASHX
25.775999,25.780001,25.775999,25.780001,400,21.126816,2015+AC0-12+AC0-17,ASHX
25.780001,25.780001,25.780001,25.780001,0,21.126816,2015+AC0-12+AC0-18,ASHX
26.407,26.407,26.384001,26.384001,200,21.621796,2015+AC0-12+AC0-21,ASHX
26.549999,26.719999,26.549999,26.719999,500,21.897148,2015+AC0-12+AC0-22,ASHX
26.719999,26.719999,26.57,26.57,2200,21.774221,2015+AC0-12+AC0-23,ASHX
26.299999,26.34,26.299999,26.34,1400,21.585737,2015+AC0-12+AC0-24,ASHX
25.5,25.620001,25.5,25.620001,300,20.995693,2015+AC0-12+AC0-28,ASHX
25.379999,25.75,25.379999,25.75,1100,21.10223,2015+AC0-12+AC0-29,ASHX
25.93,25.93,25.629999,25.639999,1000,21.012083,2015+AC0-12+AC0-30,ASHX
25.426001,25.431999,25.42,25.431999,700,20.841627,2015+AC0-12+AC0-31,ASHX
24.25,24.25,23,23.129999,5500,18.955128,2016+AC0-01+AC0-04,ASHX
23.73,23.74,23.719999,23.74,1200,19.455027,2016+AC0-01+AC0-05,ASHX
24,24.049999,24,24,1800,19.668098,2016+AC0-01+AC0-06,ASHX
22.200001,22.85,22.200001,22.34,10300,18.307722,2016+AC0-01+AC0-07,ASHX
22.540001,22.540001,22.4,22.4,600,18.35689,2016+AC0-01+AC0-08,ASHX
21.73,21.84,21.450001,21.83,4700,17.889772,2016+AC0-01+AC0-11,ASHX
22.120001,22.136999,22.120001,22.136999,400,18.141359,2016+AC0-01+AC0-12,ASHX
21.327999,21.327999,20.91,20.972,12400,17.186638,2016+AC0-01+AC0-13,ASHX
21.215,21.5,21.215,21.5,400,17.619337,2016+AC0-01+AC0-14,ASHX
21.5,21.5,21.5,21.5,0,17.619337,2016+AC0-01+AC0-15,ASHX
21.18,21.538,21.18,21.486,900,17.607864,2016+AC0-01+AC0-19,ASHX
21.054001,21.055,21.049999,21.049999,1100,17.250559,2016+AC0-01+AC0-20,ASHX
21.049999,21.049999,21.049999,21.049999,0,17.250559,2016+AC0-01+AC0-21,ASHX
21.24,21.32,21.24,21.32,2800,17.471827,2016+AC0-01+AC0-22,ASHX
21.058001,21.09,20.9,20.9,1600,17.127636,2016+AC0-01+AC0-25,ASHX
20.059999,20.16,19.98,20.139999,15200,16.50481,2016+AC0-01+AC0-26,ASHX
19.84,20.02,19.73,19.73,11700,16.168816,2016+AC0-01+AC0-27,ASHX
19.73,19.73,19.73,19.73,0,16.168816,2016+AC0-01+AC0-28,ASHX
20.030001,20.07,20.030001,20.040001,1500,16.422863,2016+AC0-01+AC0-29,ASHX
20.040001,20.040001,20.040001,20.040001,0,16.422863,2016+AC0-02+AC0-01,ASHX
19.73,19.92,19.73,19.799999,1700,16.226179,2016+AC0-02+AC0-02,ASHX
19.825001,19.91,19.75,19.9,9100,16.308132,2016+AC0-02+AC0-03,ASHX
20.190001,20.190001,20.190001,20.190001,1000,16.545788,2016+AC0-02+AC0-04,ASHX
20.190001,20.190001,20.190001,20.190001,0,16.545788,2016+AC0-02+AC0-05,ASHX
20.190001,20.190001,20.190001,20.190001,0,16.545788,2016+AC0-02+AC0-08,ASHX
19.27,19.27,19.27,19.27,600,15.791845,2016+AC0-02+AC0-09,ASHX
18.950001,18.950001,18.950001,18.950001,400,15.529601,2016+AC0-02+AC0-10,ASHX
18.950001,18.950001,18.950001,18.950001,0,15.529601,2016+AC0-02+AC0-11,ASHX
18.67,18.889999,18.67,18.879999,1900,15.472237,2016+AC0-02+AC0-12,ASHX
19.83,20.52,19.83,20.52,400,16.816223,2016+AC0-02+AC0-16,ASHX
20.68,20.68,20.68,20.68,600,16.947344,2016+AC0-02+AC0-17,ASHX
20.694,20.694,20.58,20.58,900,16.865393,2016+AC0-02+AC0-18,ASHX
20.610001,20.690001,20.610001,20.690001,400,16.95554,2016+AC0-02+AC0-19,ASHX
20.690001,20.690001,20.690001,20.690001,0,16.95554,2016+AC0-02+AC0-22,ASHX
20.690001,20.690001,20.690001,20.690001,0,16.95554,2016+AC0-02+AC0-23,ASHX
20.790001,20.940001,20.790001,20.940001,300,17.160416,2016+AC0-02+AC0-24,ASHX
19.73,19.799999,19.719999,19.76,1000,16.193401,2016+AC0-02+AC0-25,ASHX
20.07,20.09,20.049999,20.049999,1500,16.431057,2016+AC0-02+AC0-26,ASHX
19.719999,19.719999,19.6,19.65,700,16.103254,2016+AC0-02+AC0-29,ASHX
20,20,19.99,19.99,2100,16.381886,2016+AC0-03+AC0-01,ASHX
19.99,19.99,19.99,19.99,0,16.381886,2016+AC0-03+AC0-02,ASHX
20.889999,20.889999,20.889999,20.889999,100,17.11944,2016+AC0-03+AC0-03,ASHX
21.08,21.08,21.08,21.08,300,17.275145,2016+AC0-03+AC0-04,ASHX
21,21.190001,21,21.15,1600,17.33251,2016+AC0-03+AC0-07,ASHX
21.15,21.15,21.15,21.15,0,17.33251,2016+AC0-03+AC0-08,ASHX
21.15,21.15,21.15,21.15,0,17.33251,2016+AC0-03+AC0-09,ASHX
20.09,20.103001,20.09,20.103001,1000,16.474491,2016+AC0-03+AC0-10,ASHX
20.103001,20.103001,20.103001,20.103001,0,16.474491,2016+AC0-03+AC0-11,ASHX
20.84,20.844,20.84,20.844,500,17.081743,2016+AC0-03+AC0-14,ASHX
20.610001,20.610001,20.610001,20.610001,200,16.88998,2016+AC0-03+AC0-15,ASHX
21.08,21.08,21.08,21.08,100,17.275145,2016+AC0-03+AC0-16,ASHX
21.26,21.35,21.26,21.33,700,17.480022,2016+AC0-03+AC0-17,ASHX
21.870001,21.889999,21.870001,21.889999,400,17.938944,2016+AC0-03+AC0-18,ASHX
21.889999,21.889999,21.889999,21.889999,0,17.938944,2016+AC0-03+AC0-21,ASHX
21.889999,21.889999,21.889999,21.889999,0,17.938944,2016+AC0-03+AC0-22,ASHX
21.9,21.9,21.9,21.9,200,17.94714,2016+AC0-03+AC0-23,ASHX
21.9,21.9,21.9,21.9,0,17.94714,2016+AC0-03+AC0-24,ASHX
21.9,21.9,21.9,21.9,0,17.94714,2016+AC0-03+AC0-28,ASHX
21.9,21.9,21.9,21.9,0,17.94714,2016+AC0-03+AC0-29,ASHX
22.040001,22.120001,22.040001,22.110001,2000,18.119236,2016+AC0-03+AC0-30,ASHX
21.836,21.870001,21.83,21.85,1000,17.906164,2016+AC0-03+AC0-31,ASHX
21.799999,21.799999,21.799999,21.799999,200,17.865189,2016+AC0-04+AC0-01,ASHX
21.799999,21.799999,21.799999,21.799999,0,17.865189,2016+AC0-04+AC0-04,ASHX
22.059999,22.059999,22.040001,22.040001,400,18.061869,2016+AC0-04+AC0-05,ASHX
21.98,22.049999,21.969999,22.049999,2200,18.070065,2016+AC0-04+AC0-06,ASHX
21.370001,21.68,21.370001,21.469999,4900,17.594751,2016+AC0-04+AC0-07,ASHX
21.469999,21.469999,21.469999,21.469999,0,17.594751,2016+AC0-04+AC0-08,ASHX
21.73,21.809999,21.73,21.809999,200,17.873383,2016+AC0-04+AC0-11,ASHX
21.809999,21.809999,21.809999,21.809999,0,17.873383,2016+AC0-04+AC0-12,ASHX
22.4,22.4,22.4,22.4,500,18.35689,2016+AC0-04+AC0-13,ASHX
22.4,22.4,22.4,22.4,0,18.35689,2016+AC0-04+AC0-14,ASHX
22.129999,22.139999,22.110001,22.139999,1300,18.143818,2016+AC0-04+AC0-15,ASHX
21.889999,21.902,21.889999,21.889999,1100,17.938944,2016+AC0-04+AC0-18,ASHX
22.040001,22.044001,22.040001,22.044001,300,18.065147,2016+AC0-04+AC0-19,ASHX
22.044001,22.044001,22.044001,22.044001,0,18.065147,2016+AC0-04+AC0-20,ASHX
22.044001,22.044001,22.044001,22.044001,0,18.065147,2016+AC0-04+AC0-21,ASHX
22.044001,22.044001,22.044001,22.044001,0,18.065147,2016+AC0-04+AC0-22,ASHX
21.309999,21.309999,21.309999,21.309999,500,17.463631,2016+AC0-04+AC0-25,ASHX
21.309999,21.309999,21.309999,21.309999,0,17.463631,2016+AC0-04+AC0-26,ASHX
21.309999,21.309999,21.309999,21.309999,0,17.463631,2016+AC0-04+AC0-27,ASHX
21.309999,21.309999,21.309999,21.309999,0,17.463631,2016+AC0-04+AC0-28,ASHX
21.309999,21.309999,21.309999,21.309999,0,17.463631,2016+AC0-04+AC0-29,ASHX
21.309999,21.309999,21.25,21.280001,1500,17.439049,2016+AC0-05+AC0-02,ASHX
21.49,21.530001,21.49,21.51,700,17.627533,2016+AC0-05+AC0-03,ASHX
21.51,21.51,21.51,21.51,0,17.627533,2016+AC0-05+AC0-04,ASHX
21.51,21.51,21.51,21.51,0,17.627533,2016+AC0-05+AC0-05,ASHX
21.51,21.51,21.51,21.51,0,17.627533,2016+AC0-05+AC0-06,ASHX
20.219999,20.219999,20.219999,20.219999,100,16.570374,2016+AC0-05+AC0-09,ASHX
20.73,20.75,20.73,20.749001,12500,17.003891,2016+AC0-05+AC0-10,ASHX
20.57,20.57,20.57,20.57,4300,16.857199,2016+AC0-05+AC0-11,ASHX
20.674,20.674,20.674,20.674,300,16.942427,2016+AC0-05+AC0-12,ASHX
20.589001,20.589001,20.589001,20.589001,300,16.87277,2016+AC0-05+AC0-13,ASHX
20.589001,20.589001,20.589001,20.589001,100,16.87277,2016+AC0-05+AC0-16,ASHX
20.589001,20.589001,20.589001,20.589001,100,16.87277,2016+AC0-05+AC0-17,ASHX
20.190001,20.639999,20.190001,20.49,4400,16.791637,2016+AC0-05+AC0-18,ASHX
20.49,20.49,20.49,20.49,300,16.791637,2016+AC0-05+AC0-19,ASHX
20.49,20.49,20.49,20.49,0,16.791637,2016+AC0-05+AC0-20,ASHX
20.49,20.49,20.49,20.49,0,16.791637,2016+AC0-05+AC0-23,ASHX
20.82,20.91,20.82,20.91,700,17.135828,2016+AC0-05+AC0-24,ASHX
20.809999,20.809999,20.75,20.75,700,17.004709,2016+AC0-05+AC0-25,ASHX
20.753,20.753,20.750999,20.750999,300,17.005527,2016+AC0-05+AC0-26,ASHX
20.83,20.83,20.83,20.83,2000,17.070271,2016+AC0-05+AC0-27,ASHX
21.41,21.799999,21.41,21.799999,3200,17.865189,2016+AC0-05+AC0-31,ASHX
21.91,21.91,21.91,21.91,300,17.955334,2016+AC0-06+AC0-01,ASHX
21.91,21.91,21.91,21.91,0,17.955334,2016+AC0-06+AC0-02,ASHX
21.719999,21.719999,21.719999,21.719999,300,17.799627,2016+AC0-06+AC0-03,ASHX
21.719999,21.719999,21.719999,21.719999,0,17.799627,2016+AC0-06+AC0-06,ASHX
21.719999,21.719999,21.719999,21.719999,0,17.799627,2016+AC0-06+AC0-07,ASHX
21.719999,21.719999,21.719999,21.719999,0,17.799627,2016+AC0-06+AC0-08,ASHX
21.719999,21.719999,21.719999,21.719999,0,17.799627,2016+AC0-06+AC0-09,ASHX
21.719999,21.719999,21.719999,21.719999,0,17.799627,2016+AC0-06+AC0-10,ASHX
21.719999,21.719999,21.719999,21.719999,0,17.799627,2016+AC0-06+AC0-13,ASHX
20.75,20.85,20.75,20.85,1600,17.08666,2016+AC0-06+AC0-14,ASHX
20.962999,20.962999,20.962999,20.962999,200,17.179262,2016+AC0-06+AC0-15,ASHX
20.962999,20.962999,20.962999,20.962999,0,17.179262,2016+AC0-06+AC0-16,ASHX
20.962999,20.962999,20.962999,20.962999,0,17.179262,2016+AC0-06+AC0-17,ASHX
21.76,21.76,21.76,21.76,100,17.832407,2016+AC0-06+AC0-20,ASHX
21.76,21.76,21.76,21.76,0,17.832407,2016+AC0-06+AC0-21,ASHX
21.76,21.76,21.76,21.76,0,17.832407,2016+AC0-06+AC0-22,ASHX
21.76,21.76,21.76,21.76,0,17.832407,2016+AC0-06+AC0-23,ASHX
21.059999,21.059999,21.059999,21.059999,200,17.258757,2016+AC0-06+AC0-24,ASHX
21.059999,21.059999,21.059999,21.059999,0,17.258757,2016+AC0-06+AC0-27,ASHX
21.059999,21.059999,21.059999,21.059999,0,17.258757,2016+AC0-06+AC0-28,ASHX
21.059999,21.059999,21.059999,21.059999,0,17.258757,2016+AC0-06+AC0-29,ASHX
21.059999,21.059999,21.059999,21.059999,0,17.258757,2016+AC0-06+AC0-30,ASHX
21.6,21.6,21.6,21.6,200,17.701288,2016+AC0-07+AC0-01,ASHX
21.860001,21.860001,21.860001,21.860001,300,17.914358,2016+AC0-07+AC0-05,ASHX
22.045,22.049999,22.045,22.049999,400,18.070065,2016+AC0-07+AC0-06,ASHX
22.049999,22.049999,22.049999,22.049999,200,18.070065,2016+AC0-07+AC0-07,ASHX
22.049999,22.049999,22.049999,22.049999,0,18.070065,2016+AC0-07+AC0-08,ASHX
22.07,22.07,22.07,22.07,400,18.086452,2016+AC0-07+AC0-11,ASHX
22.07,22.07,22.07,22.07,0,18.086452,2016+AC0-07+AC0-12,ASHX
22.671,22.671,22.671,22.671,200,18.578976,2016+AC0-07+AC0-13,ASHX
22.671,22.671,22.671,22.671,100,18.578976,2016+AC0-07+AC0-14,ASHX
22.57,22.629999,22.559999,22.6,1800,18.520792,2016+AC0-07+AC0-15,ASHX
22.6,22.6,22.6,22.6,0,18.520792,2016+AC0-07+AC0-18,ASHX
22.6,22.6,22.6,22.6,0,18.520792,2016+AC0-07+AC0-19,ASHX
22.34,22.379999,22.299999,22.379999,2300,18.3405,2016+AC0-07+AC0-20,ASHX
22.370001,22.392,22.370001,22.392,400,18.350334,2016+AC0-07+AC0-21,ASHX
22.392,22.392,22.392,22.392,0,18.350334,2016+AC0-07+AC0-22,ASHX
22.392,22.392,22.392,22.392,0,18.350334,2016+AC0-07+AC0-25,ASHX
22.392,22.392,22.392,22.392,0,18.350334,2016+AC0-07+AC0-26,ASHX
22.392,22.392,22.392,22.392,0,18.350334,2016+AC0-07+AC0-27,ASHX
22.392,22.392,22.392,22.392,0,18.350334,2016+AC0-07+AC0-28,ASHX
22.392,22.392,22.392,22.392,0,18.350334,2016+AC0-07+AC0-29,ASHX
22.392,22.392,22.392,22.392,0,18.350334,2016+AC0-08+AC0-01,ASHX
21.834999,21.834999,21.834999,21.834999,100,17.893871,2016+AC0-08+AC0-02,ASHX
21.834999,21.834999,21.834999,21.834999,0,17.893871,2016+AC0-08+AC0-03,ASHX
21.834999,21.834999,21.834999,21.834999,0,17.893871,2016+AC0-08+AC0-04,ASHX
21.834999,21.834999,21.834999,21.834999,0,17.893871,2016+AC0-08+AC0-05,ASHX
21.834999,21.834999,21.834999,21.834999,0,17.893871,2016+AC0-08+AC0-08,ASHX
21.834999,21.834999,21.834999,21.834999,0,17.893871,2016+AC0-08+AC0-09,ASHX
22.351,22.360001,22.351,22.360001,1500,18.324112,2016+AC0-08+AC0-10,ASHX
22.299999,22.299999,22.299999,22.299999,100,18.27494,2016+AC0-08+AC0-11,ASHX
22.299999,22.299999,22.299999,22.299999,0,18.27494,2016+AC0-08+AC0-12,ASHX
22.299999,22.299999,22.299999,22.299999,0,18.27494,2016+AC0-08+AC0-15,ASHX
23.059999,23.540001,23.059999,23.48,37000,19.241955,2016+AC0-08+AC0-16,ASHX
23.280001,23.280001,23.24,23.25,1300,19.053469,2016+AC0-08+AC0-17,ASHX
23.25,23.25,23.25,23.25,0,19.053469,2016+AC0-08+AC0-18,ASHX
23.25,23.25,23.25,23.25,0,19.053469,2016+AC0-08+AC0-19,ASHX
23.1,23.103001,23.1,23.101,500,18.931362,2016+AC0-08+AC0-22,ASHX
23.15,23.15,23.15,23.15,400,18.971519,2016+AC0-08+AC0-23,ASHX
23.030001,23.030001,23,23,400,18.848595,2016+AC0-08+AC0-24,ASHX
23,23,23,23,0,18.848595,2016+AC0-08+AC0-25,ASHX
23,23,23,23,0,18.848595,2016+AC0-08+AC0-26,ASHX
23,23,23,23,0,18.848595,2016+AC0-08+AC0-29,ASHX
23,23,23,23,0,18.848595,2016+AC0-08+AC0-30,ASHX
23,23,23,23,0,18.848595,2016+AC0-08+AC0-31,ASHX
22.771999,22.771999,22.771999,22.771999,400,18.661745,2016+AC0-09+AC0-01,ASHX
22.771999,22.771999,22.771999,22.771999,0,18.661745,2016+AC0-09+AC0-02,ASHX
22.771999,22.771999,22.771999,22.771999,0,18.661745,2016+AC0-09+AC0-06,ASHX
22.771999,22.771999,22.771999,22.771999,0,18.661745,2016+AC0-09+AC0-07,ASHX
22.771999,22.771999,22.771999,22.771999,0,18.661745,2016+AC0-09+AC0-08,ASHX
22.771999,22.771999,22.771999,22.771999,0,18.661745,2016+AC0-09+AC0-09,ASHX
22.5,22.540001,22.5,22.540001,200,18.471622,2016+AC0-09+AC0-12,ASHX
22.540001,22.540001,22.540001,22.540001,0,18.471622,2016+AC0-09+AC0-13,ASHX
22.540001,22.540001,22.540001,22.540001,0,18.471622,2016+AC0-09+AC0-14,ASHX
22.34,22.34,22.309999,22.309999,1600,18.283134,2016+AC0-09+AC0-15,ASHX
22.309999,22.309999,22.309999,22.309999,0,18.283134,2016+AC0-09+AC0-16,ASHX
22.309999,22.309999,22.309999,22.309999,0,18.283134,2016+AC0-09+AC0-19,ASHX
22.309999,22.309999,22.309999,22.309999,0,18.283134,2016+AC0-09+AC0-20,ASHX
22.309999,22.309999,22.309999,22.309999,0,18.283134,2016+AC0-09+AC0-21,ASHX
22.309999,22.309999,22.309999,22.309999,0,18.283134,2016+AC0-09+AC0-22,ASHX
22.309999,22.309999,22.309999,22.309999,0,18.283134,2016+AC0-09+AC0-23,ASHX
22.309999,22.309999,22.309999,22.309999,0,18.283134,2016+AC0-09+AC0-26,ASHX
22.309999,22.309999,22.309999,22.309999,0,18.283134,2016+AC0-09+AC0-27,ASHX
22.309999,22.309999,22.309999,22.309999,0,18.283134,2016+AC0-09+AC0-28,ASHX
22.379999,22.379999,22.379999,22.379999,500,18.3405,2016+AC0-09+AC0-29,ASHX
22.379999,22.379999,22.379999,22.379999,0,18.3405,2016+AC0-09+AC0-30,ASHX
22.379999,22.379999,22.379999,22.379999,0,18.3405,2016+AC0-10+AC0-03,ASHX
22.379999,22.379999,22.379999,22.379999,0,18.3405,2016+AC0-10+AC0-04,ASHX
22.379999,22.379999,22.379999,22.379999,0,18.3405,2016+AC0-10+AC0-05,ASHX
22.379999,22.379999,22.379999,22.379999,0,18.3405,2016+AC0-10+AC0-06,ASHX
22.379999,22.379999,22.379999,22.379999,0,18.3405,2016+AC0-10+AC0-07,ASHX
22.719999,22.77,22.719999,22.77,10000,18.660109,2016+AC0-10+AC0-10,ASHX
22.84,22.84,22.66,22.66,13600,18.569962,2016+AC0-10+AC0-11,ASHX
22.66,22.66,22.66,22.66,1100,18.569962,2016+AC0-10+AC0-12,ASHX
22.66,22.66,22.66,22.66,0,18.569962,2016+AC0-10+AC0-13,ASHX
22.66,22.66,22.66,22.66,0,18.569962,2016+AC0-10+AC0-14,ASHX
22.59,22.610001,22.59,22.610001,1000,18.528988,2016+AC0-10+AC0-17,ASHX
23.08,23.08,23.08,23.08,10700,18.914154,2016+AC0-10+AC0-18,ASHX
23.08,23.08,23.08,23.08,0,18.914154,2016+AC0-10+AC0-19,ASHX
23.08,23.08,23.08,23.08,0,18.914154,2016+AC0-10+AC0-20,ASHX
23.08,23.08,23.08,23.08,0,18.914154,2016+AC0-10+AC0-21,ASHX
23.205,23.23,23.205,23.23,1200,19.037079,2016+AC0-10+AC0-24,ASHX
23.23,23.23,23.23,23.23,0,19.037079,2016+AC0-10+AC0-25,ASHX
23.23,23.23,23.23,23.23,0,19.037079,2016+AC0-10+AC0-26,ASHX
23.299999,23.299999,22.98,23,2300,18.848595,2016+AC0-10+AC0-27,ASHX
23,23,23,23,0,18.848595,2016+AC0-10+AC0-28,ASHX
22.77,22.82,22.76,22.76,10200,18.651913,2016+AC0-10+AC0-31,ASHX
22.76,22.76,22.76,22.76,0,18.651913,2016+AC0-11+AC0-01,ASHX
22.76,22.76,22.76,22.76,0,18.651913,2016+AC0-11+AC0-02,ASHX
22.76,22.76,22.76,22.76,0,18.651913,2016+AC0-11+AC0-03,ASHX
22.76,22.76,22.76,22.76,0,18.651913,2016+AC0-11+AC0-04,ASHX
22.76,22.76,22.76,22.76,0,18.651913,2016+AC0-11+AC0-07,ASHX
22.76,22.76,22.76,22.76,0,18.651913,2016+AC0-11+AC0-08,ASHX
23.190001,23.190001,23.1,23.120001,4600,18.946936,2016+AC0-11+AC0-09,ASHX
23.360001,23.360001,23.18,23.18,400,18.996103,2016+AC0-11+AC0-10,ASHX
23.290001,23.290001,23.290001,23.290001,200,19.08625,2016+AC0-11+AC0-11,ASHX
23.459999,23.469999,23.459999,23.469999,2200,19.233759,2016+AC0-11+AC0-14,ASHX
23.469999,23.469999,23.469999,23.469999,0,19.233759,2016+AC0-11+AC0-15,ASHX
23.450001,23.469999,23.450001,23.469999,2000,19.233759,2016+AC0-11+AC0-16,ASHX
23.48,23.6,23.469999,23.540001,7900,19.291126,2016+AC0-11+AC0-17,ASHX
22.959999,23.384001,22.959999,23.375,800,19.155907,2016+AC0-11+AC0-18,ASHX
24,24,23.620001,23.620001,400,19.356688,2016+AC0-11+AC0-21,ASHX
23.620001,23.620001,23.620001,23.620001,0,19.356688,2016+AC0-11+AC0-22,ASHX
23.844,23.915001,23.844,23.915001,500,19.59844,2016+AC0-11+AC0-23,ASHX
23.915001,23.915001,23.915001,23.915001,0,19.59844,2016+AC0-11+AC0-25,ASHX
23.915001,23.915001,23.915001,23.915001,0,19.59844,2016+AC0-11+AC0-28,ASHX
23.915001,23.915001,23.915001,23.915001,0,19.59844,2016+AC0-11+AC0-29,ASHX
23.915001,23.915001,23.915001,23.915001,0,19.59844,2016+AC0-11+AC0-30,ASHX
23.915001,23.915001,23.915001,23.915001,100,19.59844,2016+AC0-12+AC0-01,ASHX
24.284,24.284,24.284,24.284,100,19.900837,2016+AC0-12+AC0-02,ASHX
24.284,24.284,24.284,24.284,0,19.900837,2016+AC0-12+AC0-05,ASHX
23.92,23.92,23.92,23.92,100,19.602537,2016+AC0-12+AC0-06,ASHX
23.92,23.92,23.92,23.92,0,19.602537,2016+AC0-12+AC0-07,ASHX
23.92,23.92,23.92,23.92,2000,19.602537,2016+AC0-12+AC0-08,ASHX
24.01,24.01,24.01,24.01,100,19.676292,2016+AC0-12+AC0-09,ASHX
23.291,23.291,23.259001,23.259001,500,19.060844,2016+AC0-12+AC0-12,ASHX
23.320999,23.320999,23.320999,23.320999,100,19.111654,2016+AC0-12+AC0-13,ASHX
23.040001,23.040001,23.040001,23.040001,500,18.881374,2016+AC0-12+AC0-14,ASHX
21.75,21.879999,21.726,21.870001,6800,18.607412,2016+AC0-12+AC0-15,ASHX
21.870001,21.870001,21.870001,21.870001,0,18.607412,2016+AC0-12+AC0-16,ASHX
22,22,21.99,21.99,2600,18.709509,2016+AC0-12+AC0-19,ASHX
21.799999,21.849001,21.799999,21.836,500,18.578484,2016+AC0-12+AC0-20,ASHX
21.836,21.836,21.836,21.836,0,18.578484,2016+AC0-12+AC0-21,ASHX
21.959999,21.959999,21.959999,21.959999,200,18.683983,2016+AC0-12+AC0-22,ASHX
21.959999,21.959999,21.959999,21.959999,0,18.683983,2016+AC0-12+AC0-23,ASHX
19.253,19.253,19.219999,19.219999,500,18.759136,2016+AC0-12+AC0-27,ASHX
18.99,19.059999,18.98,18.98,1100,18.524891,2016+AC0-12+AC0-28,ASHX
18.959999,18.959999,18.959999,18.959999,200,18.505371,2016+AC0-12+AC0-29,ASHX
18.860001,18.860001,18.829,18.83,500,18.378489,2016+AC0-12+AC0-30,ASHX
18.690001,19.023001,18.690001,19.023001,500,18.566862,2017+AC0-01+AC0-03,ASHX
19.24,19.24,19.24,19.24,1200,18.778658,2017+AC0-01+AC0-04,ASHX
19.219999,19.219999,19.190001,19.200001,600,18.739618,2017+AC0-01+AC0-05,ASHX
19.200001,19.200001,19.200001,19.200001,0,18.739618,2017+AC0-01+AC0-06,ASHX
19.129999,19.129999,19.120001,19.129999,1100,18.671295,2017+AC0-01+AC0-09,ASHX
19.059999,19.191,19.059999,19.191,400,18.730833,2017+AC0-01+AC0-10,ASHX
19.191,19.191,19.191,19.191,0,18.730833,2017+AC0-01+AC0-11,ASHX
19.191,19.191,19.191,19.191,0,18.730833,2017+AC0-01+AC0-12,ASHX
19.191,19.191,19.191,19.191,0,18.730833,2017+AC0-01+AC0-13,ASHX
19.191,19.191,19.191,19.191,0,18.730833,2017+AC0-01+AC0-17,ASHX
18.983,18.983,18.983,18.983,300,18.527821,2017+AC0-01+AC0-18,ASHX
18.983,18.983,18.983,18.983,0,18.527821,2017+AC0-01+AC0-19,ASHX
19.219,19.219,19.18,19.18,600,18.720097,2017+AC0-01+AC0-20,ASHX
19.18,19.18,19.18,19.18,0,18.720097,2017+AC0-01+AC0-23,ASHX
19.07,19.23,19.07,19.23,900,18.768896,2017+AC0-01+AC0-24,ASHX
19.200001,19.280001,19.200001,19.280001,700,18.817699,2017+AC0-01+AC0-25,ASHX
19.280001,19.280001,19.280001,19.280001,0,18.817699,2017+AC0-01+AC0-26,ASHX
19.08,19.469999,19.08,19.469999,900,19.003141,2017+AC0-01+AC0-27,ASHX
19.469999,19.469999,19.469999,19.469999,0,19.003141,2017+AC0-01+AC0-30,ASHX
19.469999,19.469999,19.469999,19.469999,0,19.003141,2017+AC0-01+AC0-31,ASHX
19.469999,19.469999,19.469999,19.469999,0,19.003141,2017+AC0-02+AC0-01,ASHX
19.469999,19.469999,19.469999,19.469999,0,19.003141,2017+AC0-02+AC0-02,ASHX
19.120001,19.231001,19.049999,19.231001,15400,18.769875,2017+AC0-02+AC0-03,ASHX
18.99,19.24,18.99,19.235001,1700,18.773779,2017+AC0-02+AC0-06,ASHX
19.235001,19.235001,19.235001,19.235001,0,18.773779,2017+AC0-02+AC0-07,ASHX
19.235001,19.235001,19.235001,19.235001,0,18.773779,2017+AC0-02+AC0-08,ASHX
19.23,19.23,19.23,19.23,100,18.768896,2017+AC0-02+AC0-09,ASHX
19.379999,19.42,19.379999,19.41,1500,18.944582,2017+AC0-02+AC0-10,ASHX
19.52,19.52,19.51,19.51,800,19.042183,2017+AC0-02+AC0-13,ASHX
19.51,19.51,19.51,19.51,0,19.042183,2017+AC0-02+AC0-14,ASHX
19.51,19.52,19.5,19.5,1000,19.032423,2017+AC0-02+AC0-15,ASHX
19.48,19.48,19.48,19.48,1100,19.012903,2017+AC0-02+AC0-16,ASHX
19.48,19.48,19.48,19.48,0,19.012903,2017+AC0-02+AC0-17,ASHX
19.48,19.48,19.48,19.48,0,19.012903,2017+AC0-02+AC0-21,ASHX
19.48,19.48,19.48,19.48,0,19.012903,2017+AC0-02+AC0-22,ASHX
19.48,19.48,19.48,19.48,0,19.012903,2017+AC0-02+AC0-23,ASHX
19.639999,19.639999,19.620001,19.620001,300,19.149548,2017+AC0-02+AC0-24,ASHX
19.620001,19.620001,19.620001,19.620001,0,19.149548,2017+AC0-02+AC0-27,ASHX
19.620001,19.620001,19.620001,19.620001,0,19.149548,2017+AC0-02+AC0-28,ASHX
19.620001,19.620001,19.620001,19.620001,0,19.149548,2017+AC0-03+AC0-01,ASHX
19.65,19.65,19.610001,19.610001,900,19.139786,2017+AC0-03+AC0-02,ASHX
19.610001,19.610001,19.610001,19.610001,0,19.139786,2017+AC0-03+AC0-03,ASHX
19.610001,19.610001,19.610001,19.610001,0,19.139786,2017+AC0-03+AC0-06,ASHX
19.459999,19.459999,19.459999,19.459999,100,18.993382,2017+AC0-03+AC0-07,ASHX
19.385,19.4,19.379999,19.379999,1200,18.9153,2017+AC0-03+AC0-08,ASHX
19.379999,19.379999,19.379999,19.379999,0,18.9153,2017+AC0-03+AC0-09,ASHX
19.35,19.35,19.35,19.35,300,18.886021,2017+AC0-03+AC0-10,ASHX
19.35,19.35,19.35,19.35,0,18.886021,2017+AC0-03+AC0-13,ASHX
19.389999,19.389999,19.386,19.386,800,18.921156,2017+AC0-03+AC0-14,ASHX
19.386,19.386,19.386,19.386,0,18.921156,2017+AC0-03+AC0-15,ASHX
19.690001,19.690001,19.690001,19.690001,500,19.217869,2017+AC0-03+AC0-16,ASHX
19.51,19.51,19.51,19.51,300,19.042183,2017+AC0-03+AC0-17,ASHX
19.51,19.51,19.51,19.51,0,19.042183,2017+AC0-03+AC0-20,ASHX
19.51,19.51,19.51,19.51,0,19.042183,2017+AC0-03+AC0-21,ASHX
19.57,19.610001,19.57,19.610001,300,19.139786,2017+AC0-03+AC0-22,ASHX
19.610001,19.610001,19.610001,19.610001,0,19.139786,2017+AC0-03+AC0-23,ASHX
19.440001,19.440001,19.440001,19.440001,400,18.973862,2017+AC0-03+AC0-24,ASHX
19.440001,19.440001,19.440001,19.440001,0,18.973862,2017+AC0-03+AC0-27,ASHX
19.440001,19.440001,19.440001,19.440001,0,18.973862,2017+AC0-03+AC0-28,ASHX
19.440001,19.440001,19.440001,19.440001,0,18.973862,2017+AC0-03+AC0-29,ASHX
19.42,19.42,19.42,19.42,200,18.954342,2017+AC0-03+AC0-30,ASHX
19.52,19.52,19.500999,19.500999,300,19.0334,2017+AC0-03+AC0-31,ASHX
19.570999,19.570999,19.570999,19.570999,100,19.101721,2017+AC0-04+AC0-03,ASHX
19.700001,19.700001,19.66,19.66,300,19.188587,2017+AC0-04+AC0-04,ASHX
19.66,19.66,19.66,19.66,0,19.188587,2017+AC0-04+AC0-05,ASHX
19.66,19.66,19.66,19.66,0,19.188587,2017+AC0-04+AC0-06,ASHX
19.66,19.66,19.66,19.66,0,19.188587,2017+AC0-04+AC0-07,ASHX
19.66,19.66,19.66,19.66,0,19.188587,2017+AC0-04+AC0-10,ASHX
19.82,19.82,19.82,19.82,300,19.344749,2017+AC0-04+AC0-11,ASHX
19.82,19.82,19.82,19.82,0,19.344749,2017+AC0-04+AC0-12,ASHX
19.82,19.82,19.82,19.82,0,19.344749,2017+AC0-04+AC0-13,ASHX
19.700001,19.700001,19.51,19.51,500,19.042183,2017+AC0-04+AC0-17,ASHX
19.400999,19.400999,19.400999,19.400999,500,18.935797,2017+AC0-04+AC0-18,ASHX
19.323999,19.323999,19.219999,19.235001,600,18.773779,2017+AC0-04+AC0-19,ASHX
19.450001,19.559999,19.450001,19.478001,1300,19.010952,2017+AC0-04+AC0-20,ASHX
19.469999,19.469999,19.461,19.469999,900,19.003141,2017+AC0-04+AC0-21,ASHX
19.469999,19.469999,19.469999,19.469999,0,19.003141,2017+AC0-04+AC0-24,ASHX
19.33,19.33,19.33,19.33,800,18.866499,2017+AC0-04+AC0-25,ASHX
19.309999,19.33,19.309999,19.33,700,18.866499,2017+AC0-04+AC0-26,ASHX
19.32,19.32,19.32,19.32,700,18.856739,2017+AC0-04+AC0-27,ASHX
19.280001,19.299999,19.280001,19.299999,300,18.837217,2017+AC0-04+AC0-28,ASHX
19.309999,19.309999,19.309999,19.309999,100,18.846979,2017+AC0-05+AC0-01,ASHX
19.309999,19.309999,19.309999,19.309999,0,18.846979,2017+AC0-05+AC0-02,ASHX
19.309999,19.309999,19.309999,19.309999,0,18.846979,2017+AC0-05+AC0-03,ASHX
19.129999,19.129999,19.049999,19.049999,1300,18.593212,2017+AC0-05+AC0-04,ASHX
18.950001,18.950001,18.950001,18.950001,200,18.495611,2017+AC0-05+AC0-05,ASHX
18.84,18.84,18.75,18.75,600,18.300407,2017+AC0-05+AC0-08,ASHX
18.85,18.85,18.790001,18.790001,800,18.339449,2017+AC0-05+AC0-09,ASHX
18.75,18.780001,18.75,18.780001,4000,18.329689,2017+AC0-05+AC0-10,ASHX
18.809999,18.809999,18.799999,18.799999,3600,18.349207,2017+AC0-05+AC0-11,ASHX
18.981001,19.01,18.981001,19.01,300,18.554173,2017+AC0-05+AC0-12,ASHX
19.124001,19.139999,19.114,19.114,2500,18.65568,2017+AC0-05+AC0-15,ASHX
19.235001,19.235001,19.235001,19.235001,300,18.773779,2017+AC0-05+AC0-16,ASHX
19.084999,19.084999,19.084999,19.084999,2000,18.627373,2017+AC0-05+AC0-17,ASHX
19.084999,19.084999,19.084999,19.084999,0,18.627373,2017+AC0-05+AC0-18,ASHX
19.1,19.1,19.1,19.1,1400,18.642015,2017+AC0-05+AC0-19,ASHX
19.110001,19.120001,19.059,19.120001,1100,18.661535,2017+AC0-05+AC0-22,ASHX
19.150999,19.150999,19.150999,19.150999,300,18.691792,2017+AC0-05+AC0-23,ASHX
19.190001,19.27,19.190001,19.27,3000,18.80794,2017+AC0-05+AC0-24,ASHX
19.719999,19.719999,19.719999,19.719999,8900,19.247147,2017+AC0-05+AC0-25,ASHX
19.65,19.65,19.65,19.65,1000,19.178825,2017+AC0-05+AC0-26,ASHX
19.65,19.65,19.65,19.65,500,19.178825,2017+AC0-05+AC0-30,ASHX
19.65,19.65,19.65,19.65,0,19.178825,2017+AC0-05+AC0-31,ASHX
19.65,19.65,19.65,19.65,0,19.178825,2017+AC0-06+AC0-01,ASHX
19.65,19.65,19.65,19.65,0,19.178825,2017+AC0-06+AC0-02,ASHX
19.389,19.469999,19.389,19.469999,1600,19.003141,2017+AC0-06+AC0-05,ASHX
19.469999,19.469999,19.469999,19.469999,0,19.003141,2017+AC0-06+AC0-06,ASHX
19.690001,19.690001,19.690001,19.690001,700,19.217869,2017+AC0-06+AC0-07,ASHX
20.040001,20.040001,20.040001,20.040001,100,19.559477,2017+AC0-06+AC0-08,ASHX
20.09,20.09,20.09,20.09,200,19.608276,2017+AC0-06+AC0-09,ASHX
20.118999,20.118999,20,20,700,19.520433,2017+AC0-06+AC0-12,ASHX
20.150999,20.150999,20.150999,20.150999,1000,19.667812,2017+AC0-06+AC0-13,ASHX
19.889999,19.889999,19.870001,19.870001,500,19.393553,2017+AC0-06+AC0-14,ASHX
19.870001,19.870001,19.802,19.82,700,19.344749,2017+AC0-06+AC0-15,ASHX
19.82,19.82,19.82,19.82,0,19.344749,2017+AC0-06+AC0-16,ASHX
20.139999,20.139999,20.139999,20.139999,300,19.657076,2017+AC0-06+AC0-19,ASHX
20.049999,20.049999,19.98,20.02,1000,19.539955,2017+AC0-06+AC0-20,ASHX
20.225,20.225,20.225,20.225,0,19.74004,2017+AC0-06+AC0-21,ASHX
20.225,20.225,20.225,20.225,0,19.74004,2017+AC0-06+AC0-22,ASHX
20.43,20.43,20.43,20.43,200,19.940125,2017+AC0-06+AC0-23,ASHX
20.722,20.722,20.68,20.68,300,20.18413,2017+AC0-06+AC0-26,ASHX
20.68,20.68,20.68,20.68,0,20.18413,2017+AC0-06+AC0-27,ASHX
20.615,20.615,20.58,20.58,300,20.086527,2017+AC0-06+AC0-28,ASHX
20.58,20.58,20.58,20.58,0,20.086527,2017+AC0-06+AC0-29,ASHX
20.58,20.58,20.58,20.58,0,20.086527,2017+AC0-06+AC0-30,ASHX
20.58,20.58,20.58,20.58,0,20.086527,2017+AC0-07+AC0-03,ASHX
20.58,20.58,20.58,20.58,0,20.086527,2017+AC0-07+AC0-05,ASHX
20.68,20.68,20.68,20.68,100,20.18413,2017+AC0-07+AC0-06,ASHX
20.68,20.68,20.68,20.68,0,20.18413,2017+AC0-07+AC0-07,ASHX
20.732,20.732,20.732,20.732,200,20.234882,2017+AC0-07+AC0-10,ASHX
20.9,20.9,20.780001,20.809999,1500,20.31101,2017+AC0-07+AC0-11,ASHX
20.834999,20.84,20.834999,20.84,300,20.340292,2017+AC0-07+AC0-12,ASHX
20.934999,20.934999,20.9,20.92,1100,20.418375,2017+AC0-07+AC0-13,ASHX
21.1,21.1,21.094,21.1,700,20.594059,2017+AC0-07+AC0-14,ASHX
21.1,21.1,21.1,21.1,0,20.594059,2017+AC0-07+AC0-17,ASHX
20.75,20.75,20.75,20.75,1700,20.252451,2017+AC0-07+AC0-18,ASHX
21.030001,21.039,21.021,21.030001,1100,20.525738,2017+AC0-07+AC0-19,ASHX
21.190001,21.23,21.18,21.23,1600,20.72094,2017+AC0-07+AC0-20,ASHX
21.190001,21.209999,21.142,21.143999,800,20.637003,2017+AC0-07+AC0-21,ASHX
21.143999,21.143999,21.143999,21.143999,0,20.637003,2017+AC0-07+AC0-24,ASHX
21.143999,21.143999,21.143999,21.143999,0,20.637003,2017+AC0-07+AC0-25,ASHX
21.030001,21.030001,21.030001,21.030001,300,20.525738,2017+AC0-07+AC0-26,ASHX
21.02,21.02,21.02,21.02,100,20.515976,2017+AC0-07+AC0-27,ASHX
21.134001,21.134001,21.115999,21.115999,500,20.609674,2017+AC0-07+AC0-28,ASHX
21.115999,21.115999,21.115999,21.115999,0,20.609674,2017+AC0-07+AC0-31,ASHX
21.115999,21.115999,21.115999,21.115999,0,20.609674,2017+AC0-08+AC0-01,ASHX
21.32,21.32,21.32,21.32,300,20.808783,2017+AC0-08+AC0-02,ASHX
21.190001,21.190001,21.190001,21.190001,200,20.6819,2017+AC0-08+AC0-03,ASHX
21.096001,21.096001,21.096001,21.096001,200,20.590155,2017+AC0-08+AC0-04,ASHX
21.096001,21.096001,21.096001,21.096001,0,20.590155,2017+AC0-08+AC0-07,ASHX
21.096001,21.096001,21.096001,21.096001,0,20.590155,2017+AC0-08+AC0-08,ASHX
21.049999,21.049999,21.049999,21.049999,200,20.545256,2017+AC0-08+AC0-09,ASHX
20.941999,20.941999,20.9,20.9,400,20.398853,2017+AC0-08+AC0-10,ASHX
20.700001,20.700001,20.700001,20.700001,700,20.20365,2017+AC0-08+AC0-11,ASHX
20.870001,20.870001,20.870001,20.870001,200,20.369574,2017+AC0-08+AC0-14,ASHX
20.879999,20.92,20.879999,20.879999,900,20.379332,2017+AC0-08+AC0-15,ASHX
21.030001,21.030001,20.99,20.99,700,20.486696,2017+AC0-08+AC0-16,ASHX
20.950001,20.950001,20.950001,20.950001,200,20.447655,2017+AC0-08+AC0-17,ASHX
21.08,21.08,21.08,21.08,400,20.574537,2017+AC0-08+AC0-18,ASHX
21.18,21.18,21.18,21.18,200,20.67214,2017+AC0-08+AC0-21,ASHX
21.325001,21.325001,21.280001,21.280001,900,20.769743,2017+AC0-08+AC0-22,ASHX
21.23,21.23,21.18,21.18,1200,20.67214,2017+AC0-08+AC0-23,ASHX
21.18,21.18,21.18,21.18,0,20.67214,2017+AC0-08+AC0-24,ASHX
21.566,21.568001,21.559999,21.568001,1000,21.050837,2017+AC0-08+AC0-25,ASHX
21.77,21.788,21.77,21.788,1600,21.26556,2017+AC0-08+AC0-28,ASHX
21.620001,21.620001,21.620001,21.620001,500,21.101589,2017+AC0-08+AC0-29,ASHX
21.719999,21.719999,21.719999,21.719999,200,21.19919,2017+AC0-08+AC0-30,ASHX
21.690001,21.690001,21.68,21.690001,400,21.16991,2017+AC0-08+AC0-31,ASHX
21.790001,21.790001,21.790001,21.790001,300,21.267513,2017+AC0-09+AC0-01,ASHX
21.790001,21.790001,21.790001,21.790001,0,21.267513,2017+AC0-09+AC0-05,ASHX
21.790001,21.790001,21.790001,21.790001,0,21.267513,2017+AC0-09+AC0-06,ASHX
21.790001,21.790001,21.790001,21.790001,0,21.267513,2017+AC0-09+AC0-07,ASHX
21.701,21.701,21.701,21.701,100,21.180647,2017+AC0-09+AC0-08,ASHX
21.701,21.701,21.701,21.701,0,21.180647,2017+AC0-09+AC0-11,ASHX
21.701,21.701,21.701,21.701,0,21.180647,2017+AC0-09+AC0-12,ASHX
21.701,21.701,21.701,21.701,0,21.180647,2017+AC0-09+AC0-13,ASHX
21.719999,21.719999,21.719999,21.719999,100,21.19919,2017+AC0-09+AC0-14,ASHX
21.73,21.73,21.73,21.73,100,21.208952,2017+AC0-09+AC0-15,ASHX
21.889999,21.889999,21.889999,21.889999,300,21.365114,2017+AC0-09+AC0-18,ASHX
21.77,21.77,21.737,21.739,400,21.217735,2017+AC0-09+AC0-19,ASHX
21.82,21.82,21.82,21.82,500,21.296793,2017+AC0-09+AC0-20,ASHX
21.82,21.82,21.82,21.82,0,21.296793,2017+AC0-09+AC0-21,ASHX
21.82,21.82,21.82,21.82,0,21.296793,2017+AC0-09+AC0-22,ASHX
21.42,21.42,21.42,21.42,100,20.906385,2017+AC0-09+AC0-25,ASHX
21.52,21.52,21.49,21.49,5900,20.974707,2017+AC0-09+AC0-26,ASHX
21.49,21.49,21.49,21.49,0,20.974707,2017+AC0-09+AC0-27,ASHX
21.459999,21.459999,21.450001,21.450001,1500,20.935667,2017+AC0-09+AC0-28,ASHX
21.610001,21.610001,21.540001,21.540001,1100,21.023508,2017+AC0-09+AC0-29,ASHX
21.839001,21.839001,21.83,21.83,500,21.306553,2017+AC0-10+AC0-02,ASHX
22.257,22.259001,22.25,22.25,1200,21.716482,2017+AC0-10+AC0-03,ASHX
22.235001,22.235001,22.218,22.218,400,21.685251,2017+AC0-10+AC0-04,ASHX
22.209999,22.291,22.209999,22.291,300,21.7565,2017+AC0-10+AC0-05,ASHX
22.205,22.247999,22.205,22.247999,500,21.714531,2017+AC0-10+AC0-06,ASHX
22.247999,22.247999,22.247999,22.247999,0,21.714531,2017+AC0-10+AC0-09,ASHX
21.952,21.959999,21.950001,21.950001,2000,21.423677,2017+AC0-10+AC0-10,ASHX
21.950001,21.950001,21.950001,21.950001,0,21.423677,2017+AC0-10+AC0-11,ASHX
21.950001,21.950001,21.950001,21.950001,0,21.423677,2017+AC0-10+AC0-12,ASHX
21.950001,21.950001,21.950001,21.950001,0,21.423677,2017+AC0-10+AC0-13,ASHX
21.950001,21.950001,21.950001,21.950001,0,21.423677,2017+AC0-10+AC0-16,ASHX
21.950001,21.950001,21.950001,21.950001,0,21.423677,2017+AC0-10+AC0-17,ASHX
22.370001,22.379999,22.370001,22.379999,600,21.843365,2017+AC0-10+AC0-18,ASHX
22.16,22.16,22.146,22.146,1000,21.614977,2017+AC0-10+AC0-19,ASHX
22.1,22.17,22.1,22.16,6700,21.628641,2017+AC0-10+AC0-20,ASHX
22.09,22.09,22.09,22.09,500,21.56032,2017+AC0-10+AC0-23,ASHX
22.35,22.35,22.35,22.35,300,21.814085,2017+AC0-10+AC0-24,ASHX
22.52,22.52,22.417999,22.5,900,21.960489,2017+AC0-10+AC0-25,ASHX
22.5,22.5,22.5,22.5,0,21.960489,2017+AC0-10+AC0-26,ASHX
22.5,22.5,22.5,22.5,0,21.960489,2017+AC0-10+AC0-27,ASHX
22.5,22.5,22.5,22.5,0,21.960489,2017+AC0-10+AC0-30,ASHX
22.58,22.690001,22.58,22.690001,1500,22.145933,2017+AC0-10+AC0-31,ASHX
22.625,22.625,22.625,22.625,100,22.082491,2017+AC0-11+AC0-01,ASHX
22.5,22.5,22.5,22.5,100,21.960489,2017+AC0-11+AC0-02,ASHX
22.5,22.5,22.5,22.5,0,21.960489,2017+AC0-11+AC0-03,ASHX
22.77,22.780001,22.768999,22.780001,1200,22.233776,2017+AC0-11+AC0-06,ASHX
22.950001,22.959,22.950001,22.959,1200,22.408482,2017+AC0-11+AC0-07,ASHX
22.797001,22.797001,22.797001,22.797001,400,22.250368,2017+AC0-11+AC0-08,ASHX
22.797001,22.797001,22.797001,22.797001,0,22.250368,2017+AC0-11+AC0-09,ASHX
23.224001,23.243999,23.224001,23.23,5700,22.672983,2017+AC0-11+AC0-10,ASHX
23.33,23.379999,23.320999,23.320999,500,22.761801,2017+AC0-11+AC0-13,ASHX
23.200001,23.200001,23.059999,23.059999,500,22.507059,2017+AC0-11+AC0-14,ASHX
22.865,22.865,22.865,22.865,200,22.316736,2017+AC0-11+AC0-15,ASHX
23.08,23.08,23.08,23.08,100,22.526581,2017+AC0-11+AC0-16,ASHX
23.27,23.27,23.27,23.27,200,22.712025,2017+AC0-11+AC0-17,ASHX
23.32,23.431999,23.273001,23.41,10200,22.848667,2017+AC0-11+AC0-20,ASHX
23.809999,24,23.809999,24,8600,23.42452,2017+AC0-11+AC0-21,ASHX
23.91,23.91,23.91,23.91,300,23.336679,2017+AC0-11+AC0-22,ASHX
23.23,23.23,23.110001,23.165001,1600,22.609543,2017+AC0-11+AC0-24,ASHX
22.868999,22.870001,22.813999,22.813999,7800,22.266958,2017+AC0-11+AC0-27,ASHX
22.85,22.870001,22.83,22.870001,2100,22.321617,2017+AC0-11+AC0-28,ASHX
22.85,22.85,22.68,22.68,400,22.136173,2017+AC0-11+AC0-29,ASHX
22.639999,22.639999,22.490999,22.503,1200,21.963417,2017+AC0-11+AC0-30,ASHX
22.34,22.34,22.34,22.34,1000,21.804325,2017+AC0-12+AC0-01,ASHX
22.5,22.5,22.5,22.5,100,21.960489,2017+AC0-12+AC0-04,ASHX
22.67,22.67,22.67,22.67,200,22.126411,2017+AC0-12+AC0-05,ASHX
22.51,22.51,22.469,22.469,700,21.930231,2017+AC0-12+AC0-06,ASHX
22.25,22.25,22.25,22.25,300,21.716482,2017+AC0-12+AC0-07,ASHX
22.49,22.49,22.49,22.49,200,21.950727,2017+AC0-12+AC0-08,ASHX
22.49,22.49,22.49,22.49,0,21.950727,2017+AC0-12+AC0-11,ASHX
22.59,22.6,22.59,22.6,500,22.05809,2017+AC0-12+AC0-12,ASHX
22.83,22.85,22.83,22.85,700,22.302097,2017+AC0-12+AC0-13,ASHX
22.75,22.75,22.700001,22.700001,500,22.155693,2017+AC0-12+AC0-14,ASHX
22.459999,22.620001,22.459999,22.6,400,22.05809,2017+AC0-12+AC0-15,ASHX
22.551001,22.551001,22.405001,22.483999,1700,21.944872,2017+AC0-12+AC0-18,ASHX
22.530001,22.530001,22.469999,22.5,800,21.960489,2017+AC0-12+AC0-19,ASHX
22.530001,22.75,22.500999,22.500999,6900,21.961464,2017+AC0-12+AC0-20,ASHX
22.500999,22.500999,22.500999,22.500999,100,21.961464,2017+AC0-12+AC0-21,ASHX
22.9,22.9,22.75,22.854,6100,22.306,2017+AC0-12+AC0-22,ASHX
22.228001,22.228001,22.17,22.17,3000,22.17,2017+AC0-12+AC0-26,ASHX
21.841,21.841,21.841,21.841,200,21.841,2017+AC0-12+AC0-27,ASHX
22,22,22,22,200,22,2017+AC0-12+AC0-28,ASHX
22.08,22.08,22.08,22.08,200,22.08,2017+AC0-12+AC0-29,ASHX
22.08,22.08,22.08,22.08,0,22.08,2018+AC0-01+AC0-02,ASHX
22.08,22.08,22.08,22.08,0,22.08,2018+AC0-01+AC0-03,ASHX
22.652,22.684999,22.639999,22.684999,900,22.684999,2018+AC0-01+AC0-04,ASHX
22.731001,22.77,22.73,22.77,2000,22.77,2018+AC0-01+AC0-05,ASHX
22.879999,22.879999,22.879999,22.879999,100,22.879999,2018+AC0-01+AC0-08,ASHX
22.99,22.99,22.99,22.99,100,22.99,2018+AC0-01+AC0-09,ASHX
22.99,22.99,22.99,22.99,0,22.99,2018+AC0-01+AC0-10,ASHX
22.99,22.99,22.99,22.99,0,22.99,2018+AC0-01+AC0-11,ASHX
23.271999,23.271999,23.209999,23.209999,500,23.209999,2018+AC0-01+AC0-12,ASHX
23.379999,23.379999,23.379999,23.379999,200,23.379999,2018+AC0-01+AC0-16,ASHX
23.32,23.32,23.32,23.32,200,23.32,2018+AC0-01+AC0-17,ASHX
23.42,23.438,23.24,23.315001,21500,23.315001,2018+AC0-01+AC0-18,ASHX
23.469999,23.620001,23.469999,23.620001,2700,23.620001,2018+AC0-01+AC0-19,ASHX
23.795,23.870001,23.795,23.870001,2500,23.870001,2018+AC0-01+AC0-22,ASHX
24,24.049999,23.98,24.049999,5300,24.049999,2018+AC0-01+AC0-23,ASHX
24.059999,24.120001,24.059999,24.120001,400,24.120001,2018+AC0-01+AC0-24,ASHX
24,24,23.879999,23.950001,700,23.950001,2018+AC0-01+AC0-25,ASHX
24.1,24.139999,24.1,24.139999,800,24.139999,2018+AC0-01+AC0-26,ASHX
23.58,23.58,23.41,23.452,5900,23.452,2018+AC0-01+AC0-29,ASHX
23.209999,23.290001,23.18,23.290001,3600,23.290001,2018+AC0-01+AC0-30,ASHX
23.370001,23.405001,23.370001,23.399,2500,23.399,2018+AC0-01+AC0-31,ASHX
23.059999,23.059999,23.059999,23.059999,300,23.059999,2018+AC0-02+AC0-01,ASHX
23.120001,23.120001,23.120001,23.120001,200,23.120001,2018+AC0-02+AC0-02,ASHX
22.705999,22.705999,22.705999,22.705999,500,22.705999,2018+AC0-02+AC0-05,ASHX
22.705999,22.705999,22.705999,22.705999,0,22.705999,2018+AC0-02+AC0-06,ASHX
22.705999,22.705999,22.705999,22.705999,0,22.705999,2018+AC0-02+AC0-07,ASHX
21.9,21.9,21.549999,21.549999,1700,21.549999,2018+AC0-02+AC0-08,ASHX
20.6,20.6,20.309999,20.6,1300,20.6,2018+AC0-02+AC0-09,ASHX
21.216,21.280001,21.129999,21.280001,1400,21.280001,2018+AC0-02+AC0-12,ASHX
21.41,21.5,21.41,21.5,500,21.5,2018+AC0-02+AC0-13,ASHX
21.5,21.5,21.5,21.5,0,21.5,2018+AC0-02+AC0-14,ASHX
22.030001,22.030001,22.030001,22.030001,400,22.030001,2018+AC0-02+AC0-15,ASHX
22.389999,22.389999,22.389999,22.389999,500,22.389999,2018+AC0-02+AC0-16,ASHX
22.110001,22.110001,22.094999,22.094999,300,22.094999,2018+AC0-02+AC0-20,ASHX
22.26,22.26,22.26,22.26,500,22.26,2018+AC0-02+AC0-21,ASHX
22.32,22.327999,22.32,22.327999,400,22.327999,2018+AC0-02+AC0-22,ASHX
22.327999,22.327999,22.327999,22.327999,0,22.327999,2018+AC0-02+AC0-23,ASHX
22.327999,22.327999,22.327999,22.327999,0,22.327999,2018+AC0-02+AC0-26,ASHX
22.327999,22.327999,22.327999,22.327999,0,22.327999,2018+AC0-02+AC0-27,ASHX
22.327999,22.327999,22.327999,22.327999,0,22.327999,2018+AC0-02+AC0-28,ASHX
22.327999,22.327999,22.327999,22.327999,0,22.327999,2018+AC0-03+AC0-01,ASHX
22.327999,22.327999,22.327999,22.327999,0,22.327999,2018+AC0-03+AC0-02,ASHX
21.719999,21.719999,21.719999,21.719999,900,21.719999,2018+AC0-03+AC0-05,ASHX
22.23,22.23,22.23,22.23,100,22.23,2018+AC0-03+AC0-06,ASHX
22.17,22.17,22.17,22.17,200,22.17,2018+AC0-03+AC0-07,ASHX
22.290001,22.290001,22.290001,22.290001,100,22.290001,2018+AC0-03+AC0-08,ASHX
22.67,22.67,22.67,22.67,100,22.67,2018+AC0-03+AC0-09,ASHX
22.67,22.67,22.67,22.67,0,22.67,2018+AC0-03+AC0-12,ASHX
22.42,22.51,22.42,22.51,1300,22.51,2018+AC0-03+AC0-13,ASHX
22.51,22.51,22.51,22.51,0,22.51,2018+AC0-03+AC0-14,ASHX
22.51,22.51,22.51,22.51,0,22.51,2018+AC0-03+AC0-15,ASHX
22.243,22.243,22.243,22.243,500,22.243,2018+AC0-03+AC0-16,ASHX
22.243,22.243,22.243,22.243,0,22.243,2018+AC0-03+AC0-19,ASHX
22.34,22.34,22.32,22.32,1600,22.32,2018+AC0-03+AC0-20,ASHX
22.091,22.091,22.091,22.091,100,22.091,2018+AC0-03+AC0-21,ASHX
22.091,22.091,22.091,22.091,0,22.091,2018+AC0-03+AC0-22,ASHX
21.200001,21.200001,21.075001,21.104,1200,21.104,2018+AC0-03+AC0-23,ASHX
21.104,21.104,21.104,21.104,0,21.104,2018+AC0-03+AC0-26,ASHX
21.104,21.104,21.104,21.104,100,21.104,2018+AC0-03+AC0-27,ASHX
21.104,21.104,21.104,21.104,0,21.104,2018+AC0-03+AC0-28,ASHX
21.104,21.104,21.104,21.104,0,21.104,2018+AC0-03+AC0-29,ASHX
21.104,21.104,21.104,21.104,0,21.104,2018+AC0-04+AC0-02,ASHX
21.104,21.104,21.104,21.104,0,21.104,2018+AC0-04+AC0-03,ASHX
20.91,20.916,20.9,20.9,2700,20.9,2018+AC0-04+AC0-04,ASHX
21.309999,21.43,20.67,20.67,23600,20.67,2018+AC0-04+AC0-05,ASHX
20.992001,20.992001,20.992001,20.992001,200,20.992001,2018+AC0-04+AC0-06,ASHX
20.992001,20.992001,20.992001,20.992001,0,20.992001,2018+AC0-04+AC0-09,ASHX
20.992001,20.992001,20.992001,20.992001,0,20.992001,2018+AC0-04+AC0-10,ASHX
20.992001,20.992001,20.992001,20.992001,0,20.992001,2018+AC0-04+AC0-11,ASHX
20.992001,20.992001,20.992001,20.992001,0,20.992001,2018+AC0-04+AC0-12,ASHX
20.992001,20.992001,20.992001,20.992001,0,20.992001,2018+AC0-04+AC0-13,ASHX
20.77,20.77,20.76,20.76,400,20.76,2018+AC0-04+AC0-16,ASHX
20.76,20.76,20.76,20.76,0,20.76,2018+AC0-04+AC0-17,ASHX
20.629999,20.629999,20.618,20.618,200,20.618,2018+AC0-04+AC0-18,ASHX
20.799999,20.799999,20.799999,20.799999,200,20.799999,2018+AC0-04+AC0-19,ASHX
20.549999,20.59,20.365,20.365,2800,20.365,2018+AC0-04+AC0-20,ASHX
20.559999,20.559999,20.559999,20.559999,5000,20.559999,2018+AC0-04+AC0-23,ASHX
20.969999,20.969999,20.969999,20.969999,100,20.969999,2018+AC0-04+AC0-24,ASHX
20.879999,20.879999,20.879999,20.879999,100,20.879999,2018+AC0-04+AC0-25,ASHX
20.620001,20.66,20.620001,20.66,300,20.66,2018+AC0-04+AC0-26,ASHX
20.49,20.58,20.49,20.58,300,20.58,2018+AC0-04+AC0-27,ASHX
20.639999,20.639999,20.6,20.6,200,20.6,2018+AC0-04+AC0-30,ASHX
20.5,20.5,20.5,20.5,100,20.5,2018+AC0-05+AC0-01,ASHX
20.52,20.549999,20.52,20.549999,600,20.549999,2018+AC0-05+AC0-02,ASHX
20.549999,20.549999,20.549999,20.549999,0,20.549999,2018+AC0-05+AC0-03,ASHX
20.639999,20.639999,20.639999,20.639999,200,20.639999,2018+AC0-05+AC0-04,ASHX
20.870001,20.870001,20.799999,20.799999,300,20.799999,2018+AC0-05+AC0-07,ASHX
21.040001,21.040001,21.040001,21.040001,100,21.040001,2018+AC0-05+AC0-08,ASHX
21.07,21.07,21.07,21.07,100,21.07,2018+AC0-05+AC0-09,ASHX
21.07,21.07,21.07,21.07,0,21.07,2018+AC0-05+AC0-10,ASHX
21.209999,21.209999,21.209999,21.209999,200,21.209999,2018+AC0-05+AC0-11,ASHX
21.209999,21.209999,21.209999,21.209999,0,21.209999,2018+AC0-05+AC0-14,ASHX
21.26,21.26,21.26,21.26,200,21.26,2018+AC0-05+AC0-15,ASHX
21.26,21.26,21.26,21.26,0,21.26,2018+AC0-05+AC0-16,ASHX
21.09,21.09,21.09,21.09,200,21.09,2018+AC0-05+AC0-17,ASHX
21.09,21.09,21.09,21.09,0,21.09,2018+AC0-05+AC0-18,ASHX
21.459999,21.540001,21.458,21.49,6000,21.49,2018+AC0-05+AC0-21,ASHX
21.49,21.49,21.49,21.49,0,21.49,2018+AC0-05+AC0-22,ASHX
20.99,20.99,20.98,20.98,400,20.98,2018+AC0-05+AC0-23,ASHX
21,21.02,20.999001,21.01,6800,21.01,2018+AC0-05+AC0-24,ASHX
21.01,21.01,21.01,21.01,0,21.01,2018+AC0-05+AC0-25,ASHX
21.01,21.01,21.01,21.01,0,21.01,2018+AC0-05+AC0-29,ASHX
21.01,21.01,21.01,21.01,0,21.01,2018+AC0-05+AC0-30,ASHX
20.870001,20.870001,20.870001,20.870001,400,20.870001,2018+AC0-05+AC0-31,ASHX
20.870001,20.870001,20.870001,20.870001,0,20.870001,2018+AC0-06+AC0-01,ASHX
20.870001,20.870001,20.870001,20.870001,0,20.870001,2018+AC0-06+AC0-04,ASHX
20.870001,20.870001,20.870001,20.870001,0,20.870001,2018+AC0-06+AC0-05,ASHX
20.870001,20.870001,20.870001,20.870001,0,20.870001,2018+AC0-06+AC0-06,ASHX
21.15,21.15,21.15,21.15,300,21.15,2018+AC0-06+AC0-07,ASHX
20.84,20.84,20.84,20.84,300,20.84,2018+AC0-06+AC0-08,ASHX
20.870001,20.870001,20.870001,20.870001,300,20.870001,2018+AC0-06+AC0-11,ASHX
20.870001,20.870001,20.870001,20.870001,0,20.870001,2018+AC0-06+AC0-12,ASHX
20.870001,20.870001,20.870001,20.870001,0,20.870001,2018+AC0-06+AC0-13,ASHX
20.870001,20.870001,20.870001,20.870001,0,20.870001,2018+AC0-06+AC0-14,ASHX
20.74,20.76,20.719999,20.73,1000,20.73,2018+AC0-06+AC0-15,ASHX
20.610001,20.629999,20.52,20.52,4600,20.52,2018+AC0-06+AC0-18,ASHX
19.76,19.860001,19.76,19.860001,700,19.860001,2018+AC0-06+AC0-19,ASHX
20.030001,20.030001,20.030001,20.030001,300,20.030001,2018+AC0-06+AC0-20,ASHX
19.84,19.85,19.76,19.76,800,19.76,2018+AC0-06+AC0-21,ASHX
19.92,19.93,19.870001,19.870001,1100,19.870001,2018+AC0-06+AC0-22,ASHX
19.52,19.52,19.370001,19.370001,7400,19.370001,2018+AC0-06+AC0-25,ASHX
19.370001,19.370001,19.370001,19.370001,0,19.370001,2018+AC0-06+AC0-26,ASHX
18.690001,18.690001,18.690001,18.690001,300,18.690001,2018+AC0-06+AC0-27,ASHX
18.450001,18.540001,18.450001,18.540001,4600,18.540001,2018+AC0-06+AC0-28,ASHX
18.940001,18.940001,18.940001,18.940001,200,18.940001,2018+AC0-06+AC0-29,ASHX
18.940001,18.940001,18.940001,18.940001,0,18.940001,2018+AC0-07+AC0-02,ASHX
18.940001,18.940001,18.940001,18.940001,0,18.940001,2018+AC0-07+AC0-03,ASHX
18.004,18.004,18.004,18.004,500,18.004,2018+AC0-07+AC0-05,ASHX
18.004,18.004,18.004,18.004,0,18.004,2018+AC0-07+AC0-06,ASHX
18.75,18.75,18.75,18.75,300,18.75,2018+AC0-07+AC0-09,ASHX
18.76,18.76,18.66,18.669001,541000,18.669001,2018+AC0-07+AC0-10,ASHX
18.669001,18.669001,18.669001,18.669001,0,18.669001,2018+AC0-07+AC0-11,ASHX
18.669001,18.669001,18.669001,18.669001,0,18.669001,2018+AC0-07+AC0-12,ASHX
18.77,18.879999,18.620001,18.879999,13100,18.879999,2018+AC0-07+AC0-13,ASHX
18.649,18.649,18.481001,18.481001,600,18.481001,2018+AC0-07+AC0-16,ASHX
18.43,18.48,18.43,18.48,400,18.48,2018+AC0-07+AC0-17,ASHX
18.48,18.48,18.48,18.48,0,18.48,2018+AC0-07+AC0-18,ASHX
