+ACI-open+ACI-,+ACI-high+ACI-,+ACI-low+ACI-,+ACI-close+ACI-,+ACI-volume+ACI-,+ACI-adjusted+AF8-close+ACI-,+ACI-date+ACI-,+ACI-ticker+ACI-
25.25,25.25,25.25,25.25,200,22.419888,2015+AC0-05+AC0-19,+ACI-SCIX+ACI-
25.25,25.25,25.25,25.25,0,22.419888,2015+AC0-05+AC0-20,+ACI-SCIX+ACI-
25.17,25.17,25.17,25.17,400,22.348854,2015+AC0-05+AC0-21,+ACI-SCIX+ACI-
25.17,25.17,25.17,25.17,0,22.348854,2015+AC0-05+AC0-22,+ACI-SCIX+ACI-
25.17,25.17,25.17,25.17,0,22.348854,2015+AC0-05+AC0-26,+ACI-SCIX+ACI-
25.17,25.17,25.17,25.17,0,22.348854,2015+AC0-05+AC0-27,+ACI-SCIX+ACI-
25.17,25.17,25.17,25.17,0,22.348854,2015+AC0-05+AC0-28,+ACI-SCIX+ACI-
24.440001,24.440001,24.440001,24.440001,600,21.700676,2015+AC0-05+AC0-29,+ACI-SCIX+ACI-
24.569,24.569,24.569,24.569,400,21.815216,2015+AC0-06+AC0-01,+ACI-SCIX+ACI-
24.43,24.43,24.43,24.43,300,21.691797,2015+AC0-06+AC0-02,+ACI-SCIX+ACI-
24.33,24.389999,24.25,24.25,500,21.531973,2015+AC0-06+AC0-03,+ACI-SCIX+ACI-
24.25,24.25,24.25,24.25,0,21.531973,2015+AC0-06+AC0-04,+ACI-SCIX+ACI-
24.25,24.25,24.25,24.25,0,21.531973,2015+AC0-06+AC0-05,+ACI-SCIX+ACI-
24.25,24.25,24.25,24.25,0,21.531973,2015+AC0-06+AC0-08,+ACI-SCIX+ACI-
24.25,24.25,24.25,24.25,0,21.531973,2015+AC0-06+AC0-09,+ACI-SCIX+ACI-
24.25,24.25,24.25,24.25,0,21.531973,2015+AC0-06+AC0-10,+ACI-SCIX+ACI-
24.25,24.25,24.25,24.25,0,21.531973,2015+AC0-06+AC0-11,+ACI-SCIX+ACI-
23.921,23.969999,23.921,23.969999,700,21.283354,2015+AC0-06+AC0-12,+ACI-SCIX+ACI-
23.969999,23.969999,23.969999,23.969999,0,21.283354,2015+AC0-06+AC0-15,+ACI-SCIX+ACI-
23.969999,23.969999,23.969999,23.969999,0,21.283354,2015+AC0-06+AC0-16,+ACI-SCIX+ACI-
23.969999,23.969999,23.969999,23.969999,0,21.283354,2015+AC0-06+AC0-17,+ACI-SCIX+ACI-
24.049999,24.049999,24.01,24.01,600,21.318871,2015+AC0-06+AC0-18,+ACI-SCIX+ACI-
24.01,24.01,24.01,24.01,0,21.318871,2015+AC0-06+AC0-19,+ACI-SCIX+ACI-
23.93,23.93,23.93,23.93,100,21.247837,2015+AC0-06+AC0-22,+ACI-SCIX+ACI-
23.93,23.93,23.93,23.93,0,21.247837,2015+AC0-06+AC0-23,+ACI-SCIX+ACI-
23.93,23.93,23.93,23.93,0,21.247837,2015+AC0-06+AC0-24,+ACI-SCIX+ACI-
23.93,23.93,23.93,23.93,0,21.247837,2015+AC0-06+AC0-25,+ACI-SCIX+ACI-
23.77,23.77,23.77,23.77,300,21.105772,2015+AC0-06+AC0-26,+ACI-SCIX+ACI-
23.77,23.77,23.77,23.77,0,21.105772,2015+AC0-06+AC0-29,+ACI-SCIX+ACI-
23.77,23.77,23.77,23.77,0,21.105772,2015+AC0-06+AC0-30,+ACI-SCIX+ACI-
23.77,23.77,23.77,23.77,0,21.105772,2015+AC0-07+AC0-01,+ACI-SCIX+ACI-
23.77,23.77,23.77,23.77,0,21.105772,2015+AC0-07+AC0-02,+ACI-SCIX+ACI-
23.190001,23.190001,23.190001,23.190001,0,20.590782,2015+AC0-07+AC0-06,+ACI-SCIX+ACI-
23.190001,23.190001,23.190001,23.190001,0,20.590782,2015+AC0-07+AC0-07,+ACI-SCIX+ACI-
23.190001,23.190001,23.190001,23.190001,0,20.590782,2015+AC0-07+AC0-08,+ACI-SCIX+ACI-
23.190001,23.190001,23.190001,23.190001,0,20.590782,2015+AC0-07+AC0-09,+ACI-SCIX+ACI-
23.190001,23.190001,23.190001,23.190001,0,20.590782,2015+AC0-07+AC0-10,+ACI-SCIX+ACI-
23.190001,23.190001,23.190001,23.190001,0,20.590782,2015+AC0-07+AC0-13,+ACI-SCIX+ACI-
23.190001,23.190001,23.190001,23.190001,0,20.590782,2015+AC0-07+AC0-14,+ACI-SCIX+ACI-
23.190001,23.190001,23.190001,23.190001,0,20.590782,2015+AC0-07+AC0-15,+ACI-SCIX+ACI-
23.190001,23.190001,23.190001,23.190001,0,20.590782,2015+AC0-07+AC0-16,+ACI-SCIX+ACI-
23.190001,23.190001,23.190001,23.190001,0,20.590782,2015+AC0-07+AC0-17,+ACI-SCIX+ACI-
23.190001,23.190001,23.190001,23.190001,0,20.590782,2015+AC0-07+AC0-20,+ACI-SCIX+ACI-
23.190001,23.190001,23.190001,23.190001,0,20.590782,2015+AC0-07+AC0-21,+ACI-SCIX+ACI-
23.190001,23.190001,23.190001,23.190001,0,20.590782,2015+AC0-07+AC0-22,+ACI-SCIX+ACI-
22.690001,22.690001,22.690001,22.690001,500,20.146822,2015+AC0-07+AC0-23,+ACI-SCIX+ACI-
22.690001,22.690001,22.690001,22.690001,0,20.146822,2015+AC0-07+AC0-24,+ACI-SCIX+ACI-
22.42,22.42,22.42,22.42,200,19.907084,2015+AC0-07+AC0-27,+ACI-SCIX+ACI-
22.42,22.42,22.42,22.42,0,19.907084,2015+AC0-07+AC0-28,+ACI-SCIX+ACI-
22.42,22.42,22.42,22.42,0,19.907084,2015+AC0-07+AC0-29,+ACI-SCIX+ACI-
22.42,22.42,22.42,22.42,0,19.907084,2015+AC0-07+AC0-30,+ACI-SCIX+ACI-
22.42,22.42,22.42,22.42,0,19.907084,2015+AC0-07+AC0-31,+ACI-SCIX+ACI-
22.42,22.42,22.42,22.42,0,19.907084,2015+AC0-08+AC0-03,+ACI-SCIX+ACI-
22.42,22.42,22.42,22.42,0,19.907084,2015+AC0-08+AC0-04,+ACI-SCIX+ACI-
22.42,22.42,22.42,22.42,0,19.907084,2015+AC0-08+AC0-05,+ACI-SCIX+ACI-
22.42,22.42,22.42,22.42,0,19.907084,2015+AC0-08+AC0-06,+ACI-SCIX+ACI-
22.42,22.42,22.42,22.42,0,19.907084,2015+AC0-08+AC0-07,+ACI-SCIX+ACI-
22.42,22.42,22.42,22.42,0,19.907084,2015+AC0-08+AC0-10,+ACI-SCIX+ACI-
22.42,22.42,22.42,22.42,0,19.907084,2015+AC0-08+AC0-11,+ACI-SCIX+ACI-
21.916,21.916,21.916,21.916,100,19.459576,2015+AC0-08+AC0-12,+ACI-SCIX+ACI-
21.916,21.916,21.916,21.916,0,19.459576,2015+AC0-08+AC0-13,+ACI-SCIX+ACI-
21.916,21.916,21.916,21.916,0,19.459576,2015+AC0-08+AC0-14,+ACI-SCIX+ACI-
21.916,21.916,21.916,21.916,0,19.459576,2015+AC0-08+AC0-17,+ACI-SCIX+ACI-
21.66,21.66,21.66,21.66,300,19.232267,2015+AC0-08+AC0-18,+ACI-SCIX+ACI-
21.6,21.6,21.6,21.6,100,19.178995,2015+AC0-08+AC0-19,+ACI-SCIX+ACI-
21.6,21.6,21.6,21.6,0,19.178995,2015+AC0-08+AC0-20,+ACI-SCIX+ACI-
21.6,21.6,21.6,21.6,0,19.178995,2015+AC0-08+AC0-21,+ACI-SCIX+ACI-
21.6,21.6,21.6,21.6,0,19.178995,2015+AC0-08+AC0-24,+ACI-SCIX+ACI-
20.42,20.42,20.42,20.42,500,18.131252,2015+AC0-08+AC0-25,+ACI-SCIX+ACI-
20.42,20.42,20.42,20.42,0,18.131252,2015+AC0-08+AC0-26,+ACI-SCIX+ACI-
20.809999,20.809999,20.809999,20.809999,300,18.477537,2015+AC0-08+AC0-27,+ACI-SCIX+ACI-
20.809999,20.809999,20.809999,20.809999,0,18.477537,2015+AC0-08+AC0-28,+ACI-SCIX+ACI-
20.57,20.57,20.57,20.57,400,18.264441,2015+AC0-08+AC0-31,+ACI-SCIX+ACI-
20.57,20.57,20.57,20.57,0,18.264441,2015+AC0-09+AC0-01,+ACI-SCIX+ACI-
20.129999,20.129999,20.129999,20.129999,400,17.873755,2015+AC0-09+AC0-02,+ACI-SCIX+ACI-
20.190001,20.190001,20.190001,20.190001,400,17.927031,2015+AC0-09+AC0-03,+ACI-SCIX+ACI-
20.190001,20.190001,20.190001,20.190001,0,17.927031,2015+AC0-09+AC0-04,+ACI-SCIX+ACI-
20.190001,20.190001,20.190001,20.190001,0,17.927031,2015+AC0-09+AC0-08,+ACI-SCIX+ACI-
20.190001,20.190001,20.190001,20.190001,0,17.927031,2015+AC0-09+AC0-09,+ACI-SCIX+ACI-
20.190001,20.190001,20.190001,20.190001,0,17.927031,2015+AC0-09+AC0-10,+ACI-SCIX+ACI-
20.190001,20.190001,20.190001,20.190001,0,17.927031,2015+AC0-09+AC0-11,+ACI-SCIX+ACI-
20.190001,20.190001,20.190001,20.190001,0,17.927031,2015+AC0-09+AC0-14,+ACI-SCIX+ACI-
20.190001,20.190001,20.190001,20.190001,0,17.927031,2015+AC0-09+AC0-15,+ACI-SCIX+ACI-
20.84,20.84,20.84,20.84,200,18.504177,2015+AC0-09+AC0-16,+ACI-SCIX+ACI-
20.84,20.84,20.84,20.84,0,18.504177,2015+AC0-09+AC0-17,+ACI-SCIX+ACI-
20.84,20.84,20.84,20.84,0,18.504177,2015+AC0-09+AC0-18,+ACI-SCIX+ACI-
20.84,20.84,20.84,20.84,0,18.504177,2015+AC0-09+AC0-21,+ACI-SCIX+ACI-
20.84,20.84,20.84,20.84,0,18.504177,2015+AC0-09+AC0-22,+ACI-SCIX+ACI-
20.440001,20.440001,20.440001,20.440001,100,18.14901,2015+AC0-09+AC0-23,+ACI-SCIX+ACI-
20.440001,20.440001,20.440001,20.440001,0,18.14901,2015+AC0-09+AC0-24,+ACI-SCIX+ACI-
20.440001,20.440001,20.440001,20.440001,0,18.14901,2015+AC0-09+AC0-25,+ACI-SCIX+ACI-
20.440001,20.440001,20.440001,20.440001,0,18.14901,2015+AC0-09+AC0-28,+ACI-SCIX+ACI-
20.440001,20.440001,20.440001,20.440001,0,18.14901,2015+AC0-09+AC0-29,+ACI-SCIX+ACI-
20.440001,20.440001,20.440001,20.440001,0,18.14901,2015+AC0-09+AC0-30,+ACI-SCIX+ACI-
20.459999,20.474001,20.450001,20.474001,400,18.179199,2015+AC0-10+AC0-01,+ACI-SCIX+ACI-
20.474001,20.474001,20.474001,20.474001,0,18.179199,2015+AC0-10+AC0-02,+ACI-SCIX+ACI-
20.955,20.955,20.955,20.955,400,18.606287,2015+AC0-10+AC0-05,+ACI-SCIX+ACI-
20.955,20.955,20.955,20.955,0,18.606287,2015+AC0-10+AC0-06,+ACI-SCIX+ACI-
20.955,20.955,20.955,20.955,0,18.606287,2015+AC0-10+AC0-07,+ACI-SCIX+ACI-
20.955,20.955,20.955,20.955,0,18.606287,2015+AC0-10+AC0-08,+ACI-SCIX+ACI-
20.955,20.955,20.955,20.955,0,18.606287,2015+AC0-10+AC0-09,+ACI-SCIX+ACI-
21.49,21.49,21.49,21.49,100,19.081322,2015+AC0-10+AC0-12,+ACI-SCIX+ACI-
21.49,21.49,21.49,21.49,0,19.081322,2015+AC0-10+AC0-13,+ACI-SCIX+ACI-
21.49,21.49,21.49,21.49,0,19.081322,2015+AC0-10+AC0-14,+ACI-SCIX+ACI-
21.49,21.49,21.49,21.49,0,19.081322,2015+AC0-10+AC0-15,+ACI-SCIX+ACI-
21.49,21.49,21.49,21.49,0,19.081322,2015+AC0-10+AC0-16,+ACI-SCIX+ACI-
21.49,21.49,21.49,21.49,0,19.081322,2015+AC0-10+AC0-19,+ACI-SCIX+ACI-
21.49,21.49,21.49,21.49,0,19.081322,2015+AC0-10+AC0-20,+ACI-SCIX+ACI-
21.49,21.49,21.49,21.49,0,19.081322,2015+AC0-10+AC0-21,+ACI-SCIX+ACI-
21.49,21.49,21.49,21.49,0,19.081322,2015+AC0-10+AC0-22,+ACI-SCIX+ACI-
21.49,21.49,21.49,21.49,0,19.081322,2015+AC0-10+AC0-23,+ACI-SCIX+ACI-
21.49,21.49,21.49,21.49,0,19.081322,2015+AC0-10+AC0-26,+ACI-SCIX+ACI-
21.879999,21.879999,21.879999,21.879999,200,19.427608,2015+AC0-10+AC0-27,+ACI-SCIX+ACI-
21.879999,21.879999,21.879999,21.879999,0,19.427608,2015+AC0-10+AC0-28,+ACI-SCIX+ACI-
21.879999,21.879999,21.879999,21.879999,0,19.427608,2015+AC0-10+AC0-29,+ACI-SCIX+ACI-
21.879999,21.879999,21.879999,21.879999,0,19.427608,2015+AC0-10+AC0-30,+ACI-SCIX+ACI-
21.67,21.67,21.67,21.67,400,19.241148,2015+AC0-11+AC0-02,+ACI-SCIX+ACI-
21.940001,21.940001,21.940001,21.940001,100,19.480885,2015+AC0-11+AC0-03,+ACI-SCIX+ACI-
21.940001,21.940001,21.940001,21.940001,0,19.480885,2015+AC0-11+AC0-04,+ACI-SCIX+ACI-
21.940001,21.940001,21.940001,21.940001,0,19.480885,2015+AC0-11+AC0-05,+ACI-SCIX+ACI-
21.940001,21.940001,21.940001,21.940001,0,19.480885,2015+AC0-11+AC0-06,+ACI-SCIX+ACI-
21.290001,21.290001,21.200001,21.200001,700,18.823828,2015+AC0-11+AC0-09,+ACI-SCIX+ACI-
21.200001,21.200001,21.200001,21.200001,0,18.823828,2015+AC0-11+AC0-10,+ACI-SCIX+ACI-
21.200001,21.200001,21.200001,21.200001,0,18.823828,2015+AC0-11+AC0-11,+ACI-SCIX+ACI-
21.200001,21.200001,21.200001,21.200001,0,18.823828,2015+AC0-11+AC0-12,+ACI-SCIX+ACI-
21.200001,21.200001,21.200001,21.200001,0,18.823828,2015+AC0-11+AC0-13,+ACI-SCIX+ACI-
21.200001,21.200001,21.200001,21.200001,0,18.823828,2015+AC0-11+AC0-16,+ACI-SCIX+ACI-
21.200001,21.200001,21.200001,21.200001,0,18.823828,2015+AC0-11+AC0-17,+ACI-SCIX+ACI-
21.200001,21.200001,21.200001,21.200001,0,18.823828,2015+AC0-11+AC0-18,+ACI-SCIX+ACI-
21.200001,21.200001,21.200001,21.200001,0,18.823828,2015+AC0-11+AC0-19,+ACI-SCIX+ACI-
21.200001,21.200001,21.200001,21.200001,0,18.823828,2015+AC0-11+AC0-20,+ACI-SCIX+ACI-
21.656,21.66,21.656,21.66,800,19.232267,2015+AC0-11+AC0-23,+ACI-SCIX+ACI-
21.66,21.66,21.66,21.66,0,19.232267,2015+AC0-11+AC0-24,+ACI-SCIX+ACI-
21.66,21.66,21.66,21.66,0,19.232267,2015+AC0-11+AC0-25,+ACI-SCIX+ACI-
21.629999,21.629999,21.629999,21.629999,0,19.205629,2015+AC0-11+AC0-27,+ACI-SCIX+ACI-
21.629999,21.629999,21.629999,21.629999,0,19.205629,2015+AC0-11+AC0-30,+ACI-SCIX+ACI-
21.629999,21.629999,21.629999,21.629999,0,19.205629,2015+AC0-12+AC0-01,+ACI-SCIX+ACI-
21.620001,21.620001,21.620001,21.620001,100,19.196753,2015+AC0-12+AC0-02,+ACI-SCIX+ACI-
21.620001,21.620001,21.620001,21.620001,0,19.196753,2015+AC0-12+AC0-03,+ACI-SCIX+ACI-
21.620001,21.620001,21.620001,21.620001,0,19.196753,2015+AC0-12+AC0-04,+ACI-SCIX+ACI-
21.549999,21.549999,21.549999,21.549999,200,19.134596,2015+AC0-12+AC0-07,+ACI-SCIX+ACI-
21.549999,21.549999,21.549999,21.549999,0,19.134596,2015+AC0-12+AC0-08,+ACI-SCIX+ACI-
21.549999,21.549999,21.549999,21.549999,0,19.134596,2015+AC0-12+AC0-09,+ACI-SCIX+ACI-
21.549999,21.549999,21.549999,21.549999,0,19.134596,2015+AC0-12+AC0-10,+ACI-SCIX+ACI-
21.549999,21.549999,21.549999,21.549999,0,19.134596,2015+AC0-12+AC0-11,+ACI-SCIX+ACI-
21.549999,21.549999,21.549999,21.549999,0,19.134596,2015+AC0-12+AC0-14,+ACI-SCIX+ACI-
21.549999,21.549999,21.549999,21.549999,0,19.134596,2015+AC0-12+AC0-15,+ACI-SCIX+ACI-
21.549999,21.549999,21.549999,21.549999,0,19.134596,2015+AC0-12+AC0-16,+ACI-SCIX+ACI-
21.549999,21.549999,21.549999,21.549999,0,19.134596,2015+AC0-12+AC0-17,+ACI-SCIX+ACI-
21.299999,21.299999,21.299999,21.299999,400,18.912617,2015+AC0-12+AC0-18,+ACI-SCIX+ACI-
21.299999,21.299999,21.299999,21.299999,0,18.912617,2015+AC0-12+AC0-21,+ACI-SCIX+ACI-
21.299999,21.299999,21.299999,21.299999,0,18.912617,2015+AC0-12+AC0-22,+ACI-SCIX+ACI-
21.299999,21.299999,21.299999,21.299999,0,18.912617,2015+AC0-12+AC0-23,+ACI-SCIX+ACI-
21.68,21.68,21.68,21.68,400,19.250025,2015+AC0-12+AC0-24,+ACI-SCIX+ACI-
21.620001,21.620001,21.620001,21.620001,200,19.196753,2015+AC0-12+AC0-28,+ACI-SCIX+ACI-
21.620001,21.620001,21.620001,21.620001,0,19.767279,2015+AC0-12+AC0-29,+ACI-SCIX+ACI-
21.24,21.24,21.24,21.24,400,19.419842,2015+AC0-12+AC0-30,+ACI-SCIX+ACI-
21.24,21.24,21.24,21.24,0,19.419842,2015+AC0-12+AC0-31,+ACI-SCIX+ACI-
21.32,21.35,20.860001,20.860001,600,19.072407,2016+AC0-01+AC0-04,+ACI-SCIX+ACI-
20.860001,20.860001,20.860001,20.860001,0,19.072407,2016+AC0-01+AC0-05,+ACI-SCIX+ACI-
20.860001,20.860001,20.860001,20.860001,0,19.072407,2016+AC0-01+AC0-06,+ACI-SCIX+ACI-
20.860001,20.860001,20.860001,20.860001,0,19.072407,2016+AC0-01+AC0-07,+ACI-SCIX+ACI-
19.85,19.85,19.85,19.85,400,18.148958,2016+AC0-01+AC0-08,+ACI-SCIX+ACI-
19.85,19.85,19.85,19.85,0,18.148958,2016+AC0-01+AC0-11,+ACI-SCIX+ACI-
20.48,20.48,20.48,20.48,100,18.72497,2016+AC0-01+AC0-12,+ACI-SCIX+ACI-
20.48,20.48,20.48,20.48,0,18.72497,2016+AC0-01+AC0-13,+ACI-SCIX+ACI-
20.48,20.48,20.48,20.48,0,18.72497,2016+AC0-01+AC0-14,+ACI-SCIX+ACI-
20.48,20.48,20.48,20.48,0,18.72497,2016+AC0-01+AC0-15,+ACI-SCIX+ACI-
19.290001,19.290001,19.290001,19.290001,100,17.636948,2016+AC0-01+AC0-19,+ACI-SCIX+ACI-
19.087,19.089001,19.087,19.089001,300,17.453171,2016+AC0-01+AC0-20,+ACI-SCIX+ACI-
19.01,19.01,19.01,19.01,200,17.380941,2016+AC0-01+AC0-21,+ACI-SCIX+ACI-
19.5,19.5,19.5,19.5,100,17.828951,2016+AC0-01+AC0-22,+ACI-SCIX+ACI-
19.5,19.5,19.5,19.5,0,17.828951,2016+AC0-01+AC0-25,+ACI-SCIX+ACI-
19.5,19.5,19.5,19.5,0,17.828951,2016+AC0-01+AC0-26,+ACI-SCIX+ACI-
20.139999,20.139999,20.139999,20.139999,100,18.414104,2016+AC0-01+AC0-27,+ACI-SCIX+ACI-
19.459999,19.49,19.459999,19.49,600,17.819809,2016+AC0-01+AC0-28,+ACI-SCIX+ACI-
19.722,19.722,19.722,19.722,100,18.031927,2016+AC0-01+AC0-29,+ACI-SCIX+ACI-
19.722,19.722,19.722,19.722,0,18.031927,2016+AC0-02+AC0-01,+ACI-SCIX+ACI-
19.58,19.58,19.48,19.48,500,17.810663,2016+AC0-02+AC0-02,+ACI-SCIX+ACI-
19.48,19.48,19.48,19.48,0,17.810663,2016+AC0-02+AC0-03,+ACI-SCIX+ACI-
20.139999,20.139999,20.139999,20.139999,100,18.414104,2016+AC0-02+AC0-04,+ACI-SCIX+ACI-
20.139999,20.139999,20.139999,20.139999,0,18.414104,2016+AC0-02+AC0-05,+ACI-SCIX+ACI-
20.139999,20.139999,20.139999,20.139999,0,18.414104,2016+AC0-02+AC0-08,+ACI-SCIX+ACI-
20.139999,20.139999,20.139999,20.139999,0,18.414104,2016+AC0-02+AC0-09,+ACI-SCIX+ACI-
19.4,19.4,19.4,19.4,100,17.73752,2016+AC0-02+AC0-10,+ACI-SCIX+ACI-
19.4,19.4,19.4,19.4,0,17.73752,2016+AC0-02+AC0-11,+ACI-SCIX+ACI-
19.4,19.4,19.4,19.4,0,17.73752,2016+AC0-02+AC0-12,+ACI-SCIX+ACI-
19.4,19.4,19.4,19.4,0,17.73752,2016+AC0-02+AC0-16,+ACI-SCIX+ACI-
19.4,19.4,19.4,19.4,0,17.73752,2016+AC0-02+AC0-17,+ACI-SCIX+ACI-
20.086,20.09,20.084,20.084,1900,18.362906,2016+AC0-02+AC0-18,+ACI-SCIX+ACI-
20.084,20.084,20.084,20.084,0,18.362906,2016+AC0-02+AC0-19,+ACI-SCIX+ACI-
20.084,20.084,20.084,20.084,0,18.362906,2016+AC0-02+AC0-22,+ACI-SCIX+ACI-
20.389999,20.389999,20.309999,20.309999,300,18.569538,2016+AC0-02+AC0-23,+ACI-SCIX+ACI-
20.309999,20.309999,20.309999,20.309999,0,18.569538,2016+AC0-02+AC0-24,+ACI-SCIX+ACI-
20.24,20.389999,20.24,20.389999,1400,18.642681,2016+AC0-02+AC0-25,+ACI-SCIX+ACI-
20.33,20.33,20.325001,20.325001,400,18.583254,2016+AC0-02+AC0-26,+ACI-SCIX+ACI-
20.34,20.34,20.34,20.34,400,18.596968,2016+AC0-02+AC0-29,+ACI-SCIX+ACI-
20.68,20.68,20.68,20.68,100,18.907831,2016+AC0-03+AC0-01,+ACI-SCIX+ACI-
20.799999,20.799999,20.799999,20.799999,100,19.017546,2016+AC0-03+AC0-02,+ACI-SCIX+ACI-
21.1,21.1,21.1,21.1,100,19.29184,2016+AC0-03+AC0-03,+ACI-SCIX+ACI-
21.419001,21.419001,21.4,21.4,300,19.56613,2016+AC0-03+AC0-04,+ACI-SCIX+ACI-
21.354,21.360001,21.354,21.360001,400,19.52956,2016+AC0-03+AC0-07,+ACI-SCIX+ACI-
21.24,21.24,21.24,21.24,500,19.419842,2016+AC0-03+AC0-08,+ACI-SCIX+ACI-
21.43,21.43,21.43,21.43,100,19.593561,2016+AC0-03+AC0-09,+ACI-SCIX+ACI-
21.209999,21.209999,21.209999,21.209999,100,19.392412,2016+AC0-03+AC0-10,+ACI-SCIX+ACI-
21.610001,21.610001,21.610001,21.610001,100,19.758135,2016+AC0-03+AC0-11,+ACI-SCIX+ACI-
21.49,21.49,21.48,21.48,800,19.639275,2016+AC0-03+AC0-14,+ACI-SCIX+ACI-
21.280001,21.280001,21.280001,21.280001,700,19.456415,2016+AC0-03+AC0-15,+ACI-SCIX+ACI-
21.290001,21.49,21.27,21.49,1300,19.648418,2016+AC0-03+AC0-16,+ACI-SCIX+ACI-
21.809,21.809,21.809,21.809,100,19.940081,2016+AC0-03+AC0-17,+ACI-SCIX+ACI-
21.950001,21.950001,21.950001,21.950001,100,20.068998,2016+AC0-03+AC0-18,+ACI-SCIX+ACI-
21.91,21.91,21.91,21.91,300,20.032425,2016+AC0-03+AC0-21,+ACI-SCIX+ACI-
21.91,21.91,21.91,21.91,0,20.032425,2016+AC0-03+AC0-22,+ACI-SCIX+ACI-
21.91,21.91,21.91,21.91,0,20.032425,2016+AC0-03+AC0-23,+ACI-SCIX+ACI-
21.91,21.91,21.91,21.91,0,20.032425,2016+AC0-03+AC0-24,+ACI-SCIX+ACI-
21.73,21.73,21.73,21.73,100,19.867851,2016+AC0-03+AC0-28,+ACI-SCIX+ACI-
21.819,21.85,21.819,21.85,500,19.977568,2016+AC0-03+AC0-29,+ACI-SCIX+ACI-
22.059999,22.059999,22.059999,22.059999,2700,20.169571,2016+AC0-03+AC0-30,+ACI-SCIX+ACI-
22.09,22.09,22.09,22.09,100,20.197002,2016+AC0-03+AC0-31,+ACI-SCIX+ACI-
22.030001,22.030001,22.030001,22.030001,100,20.142143,2016+AC0-04+AC0-01,+ACI-SCIX+ACI-
21.85,21.85,21.85,21.85,200,19.977568,2016+AC0-04+AC0-04,+ACI-SCIX+ACI-
21.620001,21.620001,21.620001,21.620001,500,19.767279,2016+AC0-04+AC0-05,+ACI-SCIX+ACI-
21.698999,21.698999,21.698999,21.698999,100,19.839508,2016+AC0-04+AC0-06,+ACI-SCIX+ACI-
21.93,21.93,21.709999,21.709999,700,19.849564,2016+AC0-04+AC0-07,+ACI-SCIX+ACI-
21.709999,21.709999,21.709999,21.709999,0,19.849564,2016+AC0-04+AC0-08,+ACI-SCIX+ACI-
21.99,21.99,21.99,21.99,100,20.10557,2016+AC0-04+AC0-11,+ACI-SCIX+ACI-
21.971001,21.971001,21.971001,21.971001,100,20.0882,2016+AC0-04+AC0-12,+ACI-SCIX+ACI-
22.27,22.27,22.26,22.26,600,20.352432,2016+AC0-04+AC0-13,+ACI-SCIX+ACI-
22.33,22.33,22.33,22.33,400,20.416435,2016+AC0-04+AC0-14,+ACI-SCIX+ACI-
22.33,22.33,22.33,22.33,0,20.416435,2016+AC0-04+AC0-15,+ACI-SCIX+ACI-
22.599001,22.6,22.58,22.59,1000,20.654154,2016+AC0-04+AC0-18,+ACI-SCIX+ACI-
22.799999,22.85,22.799999,22.85,1600,20.891874,2016+AC0-04+AC0-19,+ACI-SCIX+ACI-
22.540001,22.540001,22.540001,22.540001,100,20.60844,2016+AC0-04+AC0-20,+ACI-SCIX+ACI-
22.68,22.68,22.68,22.68,200,20.736443,2016+AC0-04+AC0-21,+ACI-SCIX+ACI-
22.58,22.58,22.58,22.58,400,20.645012,2016+AC0-04+AC0-22,+ACI-SCIX+ACI-
22.489,22.489,22.489,22.489,100,20.56181,2016+AC0-04+AC0-25,+ACI-SCIX+ACI-
22.504999,22.504999,22.504999,22.504999,200,20.576437,2016+AC0-04+AC0-26,+ACI-SCIX+ACI-
22.33,22.35,22.266001,22.27,600,20.361578,2016+AC0-04+AC0-27,+ACI-SCIX+ACI-
22.59,22.610001,22.48,22.48,1000,20.553581,2016+AC0-04+AC0-28,+ACI-SCIX+ACI-
22.450001,22.450001,22.450001,22.450001,1300,20.526152,2016+AC0-04+AC0-29,+ACI-SCIX+ACI-
22.549999,22.58,22.549999,22.58,200,20.645012,2016+AC0-05+AC0-02,+ACI-SCIX+ACI-
22.35,22.35,22.35,22.35,100,20.434721,2016+AC0-05+AC0-03,+ACI-SCIX+ACI-
22.073,22.1,22.02,22.1,600,20.206144,2016+AC0-05+AC0-04,+ACI-SCIX+ACI-
22.1,22.1,22.1,22.1,0,20.206144,2016+AC0-05+AC0-05,+ACI-SCIX+ACI-
22.1,22.1,22.1,22.1,0,20.206144,2016+AC0-05+AC0-06,+ACI-SCIX+ACI-
21.98,21.98,21.98,21.98,200,20.096428,2016+AC0-05+AC0-09,+ACI-SCIX+ACI-
21.98,21.98,21.98,21.98,0,20.096428,2016+AC0-05+AC0-10,+ACI-SCIX+ACI-
22.209999,22.209999,22.209999,22.209999,100,20.306717,2016+AC0-05+AC0-11,+ACI-SCIX+ACI-
22.09,22.09,22.09,22.09,100,20.197002,2016+AC0-05+AC0-12,+ACI-SCIX+ACI-
22.09,22.09,22.09,22.09,0,20.197002,2016+AC0-05+AC0-13,+ACI-SCIX+ACI-
22.09,22.09,22.09,22.09,0,20.197002,2016+AC0-05+AC0-16,+ACI-SCIX+ACI-
22.09,22.09,22.09,22.09,0,20.197002,2016+AC0-05+AC0-17,+ACI-SCIX+ACI-
21.870001,21.870001,21.870001,21.870001,100,19.995855,2016+AC0-05+AC0-18,+ACI-SCIX+ACI-
21.68,21.68,21.68,21.68,100,19.822136,2016+AC0-05+AC0-19,+ACI-SCIX+ACI-
21.68,21.68,21.68,21.68,0,19.822136,2016+AC0-05+AC0-20,+ACI-SCIX+ACI-
21.68,21.68,21.68,21.68,0,19.822136,2016+AC0-05+AC0-23,+ACI-SCIX+ACI-
21.870001,21.870001,21.870001,21.870001,100,19.995855,2016+AC0-05+AC0-24,+ACI-SCIX+ACI-
21.98,21.98,21.98,21.98,200,20.096428,2016+AC0-05+AC0-25,+ACI-SCIX+ACI-
21.98,21.98,21.98,21.98,0,20.096428,2016+AC0-05+AC0-26,+ACI-SCIX+ACI-
21.98,21.98,21.98,21.98,0,20.096428,2016+AC0-05+AC0-27,+ACI-SCIX+ACI-
21.98,21.98,21.98,21.98,0,20.096428,2016+AC0-05+AC0-31,+ACI-SCIX+ACI-
22.129999,22.129999,22.129999,22.129999,100,20.233574,2016+AC0-06+AC0-01,+ACI-SCIX+ACI-
22.17,22.17,22.17,22.17,100,20.270147,2016+AC0-06+AC0-02,+ACI-SCIX+ACI-
22.530001,22.530001,22.530001,22.530001,300,20.599297,2016+AC0-06+AC0-03,+ACI-SCIX+ACI-
22.629999,22.629999,22.629999,22.629999,1300,20.690725,2016+AC0-06+AC0-06,+ACI-SCIX+ACI-
22.780001,22.780001,22.780001,22.780001,100,20.827873,2016+AC0-06+AC0-07,+ACI-SCIX+ACI-
22.780001,22.780001,22.780001,22.780001,0,20.827873,2016+AC0-06+AC0-08,+ACI-SCIX+ACI-
22.83,22.83,22.83,22.83,300,20.873589,2016+AC0-06+AC0-09,+ACI-SCIX+ACI-
22.610001,22.620001,22.52,22.52,400,20.590153,2016+AC0-06+AC0-10,+ACI-SCIX+ACI-
22.370001,22.370001,22.370001,22.370001,200,20.453007,2016+AC0-06+AC0-13,+ACI-SCIX+ACI-
22.370001,22.370001,22.370001,22.370001,0,20.453007,2016+AC0-06+AC0-14,+ACI-SCIX+ACI-
22.370001,22.370001,22.370001,22.370001,0,20.453007,2016+AC0-06+AC0-15,+ACI-SCIX+ACI-
22.370001,22.370001,22.370001,22.370001,0,20.453007,2016+AC0-06+AC0-16,+ACI-SCIX+ACI-
22.09,22.09,22.09,22.09,100,20.197002,2016+AC0-06+AC0-17,+ACI-SCIX+ACI-
22.43,22.43,22.379999,22.379999,1400,20.462151,2016+AC0-06+AC0-20,+ACI-SCIX+ACI-
22.379999,22.379999,22.379999,22.379999,0,20.462151,2016+AC0-06+AC0-21,+ACI-SCIX+ACI-
22.33,22.33,22.32,22.32,1400,20.407291,2016+AC0-06+AC0-22,+ACI-SCIX+ACI-
22.32,22.32,22.32,22.32,0,20.407291,2016+AC0-06+AC0-23,+ACI-SCIX+ACI-
22.32,22.32,22.32,22.32,0,20.407291,2016+AC0-06+AC0-24,+ACI-SCIX+ACI-
21.57,21.57,21.57,21.57,200,19.721563,2016+AC0-06+AC0-27,+ACI-SCIX+ACI-
21.57,21.57,21.57,21.57,0,19.721563,2016+AC0-06+AC0-28,+ACI-SCIX+ACI-
22.381001,22.389999,22.381001,22.386999,400,20.46855,2016+AC0-06+AC0-29,+ACI-SCIX+ACI-
22.629999,22.629999,22.629999,22.629999,200,20.690725,2016+AC0-06+AC0-30,+ACI-SCIX+ACI-
22.83,22.83,22.827,22.827,1100,20.870844,2016+AC0-07+AC0-01,+ACI-SCIX+ACI-
22.827,22.827,22.827,22.827,0,20.870844,2016+AC0-07+AC0-05,+ACI-SCIX+ACI-
22.827,22.827,22.827,22.827,100,20.870844,2016+AC0-07+AC0-06,+ACI-SCIX+ACI-
22.93,22.93,22.93,22.93,900,20.965019,2016+AC0-07+AC0-07,+ACI-SCIX+ACI-
23.166,23.18,23.166,23.176001,1700,21.189938,2016+AC0-07+AC0-08,+ACI-SCIX+ACI-
23.360001,23.360001,23.360001,23.360001,600,21.35817,2016+AC0-07+AC0-11,+ACI-SCIX+ACI-
23.360001,23.360001,23.360001,23.360001,100,21.35817,2016+AC0-07+AC0-12,+ACI-SCIX+ACI-
23.360001,23.360001,23.360001,23.360001,100,21.35817,2016+AC0-07+AC0-13,+ACI-SCIX+ACI-
23.75,23.75,23.725,23.725,1200,21.691891,2016+AC0-07+AC0-14,+ACI-SCIX+ACI-
23.639999,23.639999,23.639999,23.639999,500,21.614174,2016+AC0-07+AC0-15,+ACI-SCIX+ACI-
23.639999,23.639999,23.639999,23.639999,0,21.614174,2016+AC0-07+AC0-18,+ACI-SCIX+ACI-
23.5,23.610001,23.469999,23.610001,1900,21.586746,2016+AC0-07+AC0-19,+ACI-SCIX+ACI-
23.610001,23.610001,23.610001,23.610001,0,21.586746,2016+AC0-07+AC0-20,+ACI-SCIX+ACI-
23.610001,23.610001,23.610001,23.610001,0,21.586746,2016+AC0-07+AC0-21,+ACI-SCIX+ACI-
23.610001,23.610001,23.610001,23.610001,0,21.586746,2016+AC0-07+AC0-22,+ACI-SCIX+ACI-
23.700001,23.700001,23.700001,23.700001,300,21.669033,2016+AC0-07+AC0-25,+ACI-SCIX+ACI-
23.700001,23.700001,23.700001,23.700001,0,21.669033,2016+AC0-07+AC0-26,+ACI-SCIX+ACI-
23.809999,23.809999,23.809999,23.809999,400,21.769606,2016+AC0-07+AC0-27,+ACI-SCIX+ACI-
23.940001,23.940001,23.940001,23.940001,400,21.888468,2016+AC0-07+AC0-28,+ACI-SCIX+ACI-
24.26,24.26,24.26,24.26,300,22.181044,2016+AC0-07+AC0-29,+ACI-SCIX+ACI-
24.26,24.26,24.26,24.26,0,22.181044,2016+AC0-08+AC0-01,+ACI-SCIX+ACI-
24.07,24.07,24.07,24.07,700,22.007326,2016+AC0-08+AC0-02,+ACI-SCIX+ACI-
24.07,24.07,24.07,24.07,0,22.007326,2016+AC0-08+AC0-03,+ACI-SCIX+ACI-
24.040001,24.110001,24.040001,24.110001,700,22.0439,2016+AC0-08+AC0-04,+ACI-SCIX+ACI-
24.15,24.15,24.15,24.15,800,22.080471,2016+AC0-08+AC0-05,+ACI-SCIX+ACI-
24.15,24.15,24.15,24.15,0,22.080471,2016+AC0-08+AC0-08,+ACI-SCIX+ACI-
24.15,24.15,24.15,24.15,0,22.080471,2016+AC0-08+AC0-09,+ACI-SCIX+ACI-
24.15,24.15,24.15,24.15,0,22.080471,2016+AC0-08+AC0-10,+ACI-SCIX+ACI-
24.389999,24.389999,24.379999,24.379999,400,22.290758,2016+AC0-08+AC0-11,+ACI-SCIX+ACI-
24.280001,24.280001,24.280001,24.280001,200,22.199329,2016+AC0-08+AC0-12,+ACI-SCIX+ACI-
24.280001,24.280001,24.280001,24.280001,0,22.199329,2016+AC0-08+AC0-15,+ACI-SCIX+ACI-
24.306999,24.309999,24.306999,24.309999,900,22.226759,2016+AC0-08+AC0-16,+ACI-SCIX+ACI-
24.18,24.18,24.18,24.18,200,22.107899,2016+AC0-08+AC0-17,+ACI-SCIX+ACI-
24.226999,24.226999,24.226999,24.226999,200,22.150871,2016+AC0-08+AC0-18,+ACI-SCIX+ACI-
24.16,24.16,24.16,24.16,200,22.089613,2016+AC0-08+AC0-19,+ACI-SCIX+ACI-
24.16,24.16,24.16,24.16,0,22.089613,2016+AC0-08+AC0-22,+ACI-SCIX+ACI-
24.34,24.34,24.34,24.34,1600,22.254187,2016+AC0-08+AC0-23,+ACI-SCIX+ACI-
24.33,24.33,24.33,24.33,200,22.245045,2016+AC0-08+AC0-24,+ACI-SCIX+ACI-
24.33,24.33,24.33,24.33,0,22.245045,2016+AC0-08+AC0-25,+ACI-SCIX+ACI-
24.33,24.33,24.33,24.33,0,22.245045,2016+AC0-08+AC0-26,+ACI-SCIX+ACI-
23.993999,23.993999,23.993999,23.993999,800,21.937838,2016+AC0-08+AC0-29,+ACI-SCIX+ACI-
23.993999,23.993999,23.993999,23.993999,0,21.937838,2016+AC0-08+AC0-30,+ACI-SCIX+ACI-
23.993999,23.993999,23.993999,23.993999,0,21.937838,2016+AC0-08+AC0-31,+ACI-SCIX+ACI-
23.993999,23.993999,23.993999,23.993999,0,21.937838,2016+AC0-09+AC0-01,+ACI-SCIX+ACI-
23.993999,23.993999,23.993999,23.993999,100,21.937838,2016+AC0-09+AC0-02,+ACI-SCIX+ACI-
23.993999,23.993999,23.993999,23.993999,100,21.937838,2016+AC0-09+AC0-06,+ACI-SCIX+ACI-
24.540001,24.540001,24.540001,24.540001,300,22.43705,2016+AC0-09+AC0-07,+ACI-SCIX+ACI-
24.370001,24.370001,24.35,24.35,2100,22.263332,2016+AC0-09+AC0-08,+ACI-SCIX+ACI-
23.85,23.85,23.85,23.85,100,21.806179,2016+AC0-09+AC0-09,+ACI-SCIX+ACI-
23.67,23.84,23.667,23.84,900,21.797037,2016+AC0-09+AC0-12,+ACI-SCIX+ACI-
23.17,23.17,23.17,23.17,500,21.18445,2016+AC0-09+AC0-13,+ACI-SCIX+ACI-
23.379999,23.379999,23.309999,23.309999,1100,21.312452,2016+AC0-09+AC0-14,+ACI-SCIX+ACI-
23.309999,23.309999,23.309999,23.309999,0,21.312452,2016+AC0-09+AC0-15,+ACI-SCIX+ACI-
23.309999,23.309999,23.309999,23.309999,0,21.312452,2016+AC0-09+AC0-16,+ACI-SCIX+ACI-
23.629999,23.709999,23.629999,23.629999,1100,21.60503,2016+AC0-09+AC0-19,+ACI-SCIX+ACI-
23.629999,23.629999,23.629999,23.629999,0,21.60503,2016+AC0-09+AC0-20,+ACI-SCIX+ACI-
23.629999,23.629999,23.629999,23.629999,0,21.60503,2016+AC0-09+AC0-21,+ACI-SCIX+ACI-
23.629999,23.629999,23.629999,23.629999,0,21.60503,2016+AC0-09+AC0-22,+ACI-SCIX+ACI-
23.629999,23.629999,23.629999,23.629999,0,21.60503,2016+AC0-09+AC0-23,+ACI-SCIX+ACI-
23.91,23.91,23.743999,23.743999,500,21.709261,2016+AC0-09+AC0-26,+ACI-SCIX+ACI-
23.957001,23.957001,23.926001,23.926001,500,21.875666,2016+AC0-09+AC0-27,+ACI-SCIX+ACI-
24.219999,24.219999,24.219999,24.219999,600,22.14447,2016+AC0-09+AC0-28,+ACI-SCIX+ACI-
23.959999,23.959999,23.959999,23.959999,200,21.906752,2016+AC0-09+AC0-29,+ACI-SCIX+ACI-
23.959999,23.959999,23.959999,23.959999,0,21.906752,2016+AC0-09+AC0-30,+ACI-SCIX+ACI-
23.959999,23.959999,23.959999,23.959999,0,21.906752,2016+AC0-10+AC0-03,+ACI-SCIX+ACI-
24.139999,24.139999,24.02,24.02,1300,21.961611,2016+AC0-10+AC0-04,+ACI-SCIX+ACI-
23.92,23.98,23.92,23.98,300,21.925037,2016+AC0-10+AC0-05,+ACI-SCIX+ACI-
23.778999,23.780001,23.778999,23.780001,500,21.742178,2016+AC0-10+AC0-06,+ACI-SCIX+ACI-
23.780001,23.780001,23.780001,23.780001,0,21.742178,2016+AC0-10+AC0-07,+ACI-SCIX+ACI-
23.690001,23.690001,23.667,23.667,1900,21.638861,2016+AC0-10+AC0-10,+ACI-SCIX+ACI-
23.667,23.667,23.667,23.667,0,21.638861,2016+AC0-10+AC0-11,+ACI-SCIX+ACI-
23.200001,23.280001,23.197001,23.280001,4500,21.285025,2016+AC0-10+AC0-12,+ACI-SCIX+ACI-
23.040001,23.26,23.040001,23.25,1300,21.257595,2016+AC0-10+AC0-13,+ACI-SCIX+ACI-
23.25,23.25,23.25,23.25,0,21.257595,2016+AC0-10+AC0-14,+ACI-SCIX+ACI-
23.25,23.25,23.25,23.25,0,21.257595,2016+AC0-10+AC0-17,+ACI-SCIX+ACI-
23.469999,23.48,23.429001,23.466999,3500,21.455999,2016+AC0-10+AC0-18,+ACI-SCIX+ACI-
23.610001,23.610001,23.607,23.607,2000,21.584002,2016+AC0-10+AC0-19,+ACI-SCIX+ACI-
23.607,23.607,23.607,23.607,0,21.584002,2016+AC0-10+AC0-20,+ACI-SCIX+ACI-
23.290001,23.309999,23.290001,23.309999,800,21.312452,2016+AC0-10+AC0-21,+ACI-SCIX+ACI-
23.35,23.35,23.34,23.34,2000,21.339884,2016+AC0-10+AC0-24,+ACI-SCIX+ACI-
23.469999,23.469999,23.469999,23.469999,200,21.458742,2016+AC0-10+AC0-25,+ACI-SCIX+ACI-
23.17,23.18,23.17,23.18,300,21.193596,2016+AC0-10+AC0-26,+ACI-SCIX+ACI-
23.08,23.08,23.054001,23.054001,1000,21.078392,2016+AC0-10+AC0-27,+ACI-SCIX+ACI-
23.054001,23.054001,23.054001,23.054001,0,21.078392,2016+AC0-10+AC0-28,+ACI-SCIX+ACI-
23.1,23.120001,23.1,23.120001,800,21.138737,2016+AC0-10+AC0-31,+ACI-SCIX+ACI-
23.120001,23.120001,23.120001,23.120001,0,21.138737,2016+AC0-11+AC0-01,+ACI-SCIX+ACI-
23.018,23.110001,23.018,23.110001,1900,21.129593,2016+AC0-11+AC0-02,+ACI-SCIX+ACI-
22.969999,22.99,22.940001,22.959999,1700,20.992445,2016+AC0-11+AC0-03,+ACI-SCIX+ACI-
22.959999,22.959999,22.959999,22.959999,0,20.992445,2016+AC0-11+AC0-04,+ACI-SCIX+ACI-
23.101,23.138,23.101,23.138,1500,21.155193,2016+AC0-11+AC0-07,+ACI-SCIX+ACI-
23.138,23.138,23.138,23.138,0,21.155193,2016+AC0-11+AC0-08,+ACI-SCIX+ACI-
23.018,23.059999,23.018,23.031,1300,21.057364,2016+AC0-11+AC0-09,+ACI-SCIX+ACI-
23.031,23.031,23.031,23.031,0,21.057364,2016+AC0-11+AC0-10,+ACI-SCIX+ACI-
22.370001,22.370001,22.370001,22.370001,400,20.453007,2016+AC0-11+AC0-11,+ACI-SCIX+ACI-
22.370001,22.370001,22.370001,22.370001,0,20.453007,2016+AC0-11+AC0-14,+ACI-SCIX+ACI-
22.25,22.379999,22.25,22.379999,3200,20.462151,2016+AC0-11+AC0-15,+ACI-SCIX+ACI-
22.379999,22.379999,22.379999,22.379999,0,20.462151,2016+AC0-11+AC0-16,+ACI-SCIX+ACI-
22.379999,22.379999,22.379999,22.379999,0,20.462151,2016+AC0-11+AC0-17,+ACI-SCIX+ACI-
22.379999,22.379999,22.379999,22.379999,0,20.462151,2016+AC0-11+AC0-18,+ACI-SCIX+ACI-
22.25,22.25,22.25,22.25,500,20.34329,2016+AC0-11+AC0-21,+ACI-SCIX+ACI-
22.278,22.278,22.278,22.278,200,20.368891,2016+AC0-11+AC0-22,+ACI-SCIX+ACI-
22.35,22.35,22.35,22.35,500,20.434721,2016+AC0-11+AC0-23,+ACI-SCIX+ACI-
22.35,22.35,22.35,22.35,0,20.434721,2016+AC0-11+AC0-25,+ACI-SCIX+ACI-
22.528,22.528,22.486,22.486,200,20.559067,2016+AC0-11+AC0-28,+ACI-SCIX+ACI-
22.486,22.486,22.486,22.486,0,20.559067,2016+AC0-11+AC0-29,+ACI-SCIX+ACI-
22.559999,22.559999,22.559999,22.559999,200,20.626724,2016+AC0-11+AC0-30,+ACI-SCIX+ACI-
22.58,22.58,22.549999,22.549999,700,20.61758,2016+AC0-12+AC0-01,+ACI-SCIX+ACI-
22.558001,22.558001,22.558001,22.558001,500,20.624897,2016+AC0-12+AC0-02,+ACI-SCIX+ACI-
22.66,22.66,22.66,22.66,100,20.718155,2016+AC0-12+AC0-05,+ACI-SCIX+ACI-
22.66,22.66,22.66,22.66,0,20.718155,2016+AC0-12+AC0-06,+ACI-SCIX+ACI-
22.66,22.66,22.66,22.66,0,20.718155,2016+AC0-12+AC0-07,+ACI-SCIX+ACI-
22.66,22.66,22.66,22.66,0,20.718155,2016+AC0-12+AC0-08,+ACI-SCIX+ACI-
22.66,22.66,22.66,22.66,0,20.718155,2016+AC0-12+AC0-09,+ACI-SCIX+ACI-
22.709,22.709,22.67,22.67,600,20.727297,2016+AC0-12+AC0-12,+ACI-SCIX+ACI-
22.826,22.826,22.826,22.826,900,20.86993,2016+AC0-12+AC0-13,+ACI-SCIX+ACI-
22.49,22.49,22.49,22.49,300,20.562723,2016+AC0-12+AC0-14,+ACI-SCIX+ACI-
22.309999,22.309999,22.309999,22.309999,100,20.398148,2016+AC0-12+AC0-15,+ACI-SCIX+ACI-
22.219999,22.219999,22.219999,22.219999,500,20.315861,2016+AC0-12+AC0-16,+ACI-SCIX+ACI-
22.1,22.1,21.870001,21.934,2200,20.054371,2016+AC0-12+AC0-19,+ACI-SCIX+ACI-
22.077,22.077,22.077,22.077,800,20.185116,2016+AC0-12+AC0-20,+ACI-SCIX+ACI-
22.077,22.077,22.077,22.077,0,20.185116,2016+AC0-12+AC0-21,+ACI-SCIX+ACI-
22.077,22.077,22.077,22.077,0,20.185116,2016+AC0-12+AC0-22,+ACI-SCIX+ACI-
22.077,22.077,22.077,22.077,0,20.185116,2016+AC0-12+AC0-23,+ACI-SCIX+ACI-
22.077,22.077,22.077,22.077,0,20.185116,2016+AC0-12+AC0-27,+ACI-SCIX+ACI-
21.030001,21.049999,20.943001,21,1600,20.127607,2016+AC0-12+AC0-28,+ACI-SCIX+ACI-
21,21,21,21,0,20.127607,2016+AC0-12+AC0-29,+ACI-SCIX+ACI-
20.98,21.1,20.98,21.096001,1000,20.21962,2016+AC0-12+AC0-30,+ACI-SCIX+ACI-
21.382,21.382,21.382,21.382,400,20.493738,2017+AC0-01+AC0-03,+ACI-SCIX+ACI-
21.59,21.59,21.587,21.59,500,20.693098,2017+AC0-01+AC0-04,+ACI-SCIX+ACI-
21.59,21.59,21.59,21.59,0,20.693098,2017+AC0-01+AC0-05,+ACI-SCIX+ACI-
21.673,21.716,21.639999,21.716,600,20.813864,2017+AC0-01+AC0-06,+ACI-SCIX+ACI-
21.809999,21.870001,21.809999,21.870001,700,20.961468,2017+AC0-01+AC0-09,+ACI-SCIX+ACI-
21.959999,22.110001,21.940001,22.047001,24500,21.131113,2017+AC0-01+AC0-10,+ACI-SCIX+ACI-
22.209999,22.209999,22.205999,22.205999,900,21.283506,2017+AC0-01+AC0-11,+ACI-SCIX+ACI-
22.23,22.242001,22.15,22.202999,1900,21.280632,2017+AC0-01+AC0-12,+ACI-SCIX+ACI-
22.110001,22.25,22.110001,22.226999,3000,21.303635,2017+AC0-01+AC0-13,+ACI-SCIX+ACI-
22.305,22.305,22.275,22.275,500,21.349642,2017+AC0-01+AC0-17,+ACI-SCIX+ACI-
22.370001,22.370001,22.290001,22.290001,2100,21.364019,2017+AC0-01+AC0-18,+ACI-SCIX+ACI-
22.153,22.299999,22.153,22.299999,800,21.373602,2017+AC0-01+AC0-19,+ACI-SCIX+ACI-
22.280001,22.280001,22.250999,22.280001,900,21.354435,2017+AC0-01+AC0-20,+ACI-SCIX+ACI-
22.219,22.219,22.193001,22.193001,200,21.271049,2017+AC0-01+AC0-23,+ACI-SCIX+ACI-
22.525999,22.57,22.481001,22.566,2200,21.628553,2017+AC0-01+AC0-24,+ACI-SCIX+ACI-
22.530001,22.549999,22.5,22.5,1000,21.565294,2017+AC0-01+AC0-25,+ACI-SCIX+ACI-
22.5,22.5,22.454,22.454,1100,21.521206,2017+AC0-01+AC0-26,+ACI-SCIX+ACI-
22.700001,22.700001,22.546,22.546,2500,21.609383,2017+AC0-01+AC0-27,+ACI-SCIX+ACI-
22.546,22.546,22.546,22.546,0,21.609383,2017+AC0-01+AC0-30,+ACI-SCIX+ACI-
22.52,22.52,22.52,22.52,300,21.584463,2017+AC0-01+AC0-31,+ACI-SCIX+ACI-
22.469999,22.549999,22.469999,22.549999,4300,21.613216,2017+AC0-02+AC0-01,+ACI-SCIX+ACI-
22.67,22.67,22.577999,22.577999,1200,21.640053,2017+AC0-02+AC0-02,+ACI-SCIX+ACI-
22.799999,22.82,22.639999,22.73,1700,21.78574,2017+AC0-02+AC0-03,+ACI-SCIX+ACI-
22.580999,22.580999,22.572001,22.572001,500,21.634304,2017+AC0-02+AC0-06,+ACI-SCIX+ACI-
22.691999,22.691999,22.691999,22.691999,300,21.749317,2017+AC0-02+AC0-07,+ACI-SCIX+ACI-
22.82,22.84,22.725,22.82,5100,21.872,2017+AC0-02+AC0-08,+ACI-SCIX+ACI-
22.870001,22.9,22.84,22.879999,1800,21.929508,2017+AC0-02+AC0-09,+ACI-SCIX+ACI-
22.98,22.98,22.976,22.976,300,22.021521,2017+AC0-02+AC0-10,+ACI-SCIX+ACI-
22.809999,23,22.809999,22.996,2100,22.040689,2017+AC0-02+AC0-13,+ACI-SCIX+ACI-
22.879999,22.879999,22.85,22.85,2000,21.900755,2017+AC0-02+AC0-14,+ACI-SCIX+ACI-
22.979,23.139999,22.979,23.139999,900,22.178707,2017+AC0-02+AC0-15,+ACI-SCIX+ACI-
22.982,22.983999,22.98,22.983999,600,22.029186,2017+AC0-02+AC0-16,+ACI-SCIX+ACI-
22.93,22.93,22.832001,22.895,700,21.943886,2017+AC0-02+AC0-17,+ACI-SCIX+ACI-
23.007999,23.007999,23.007999,23.007999,100,22.052191,2017+AC0-02+AC0-21,+ACI-SCIX+ACI-
23.055,23.055,23.042999,23.042999,700,22.085735,2017+AC0-02+AC0-22,+ACI-SCIX+ACI-
23.223,23.223,23.223,23.223,200,22.258259,2017+AC0-02+AC0-23,+ACI-SCIX+ACI-
23.030001,23.030001,22.943001,22.943001,1800,21.989891,2017+AC0-02+AC0-24,+ACI-SCIX+ACI-
22.83,23.059999,22.83,23.030001,1400,22.073278,2017+AC0-02+AC0-27,+ACI-SCIX+ACI-
23.17,23.17,23.08,23.08,700,22.121201,2017+AC0-02+AC0-28,+ACI-SCIX+ACI-
23.139999,23.219999,23.139999,23.219999,700,22.255383,2017+AC0-03+AC0-01,+ACI-SCIX+ACI-
23.02,23.02,23.02,23.02,200,22.063692,2017+AC0-03+AC0-02,+ACI-SCIX+ACI-
22.84,22.91,22.84,22.865999,1200,21.91609,2017+AC0-03+AC0-03,+ACI-SCIX+ACI-
22.959999,22.959999,22.959999,22.959999,200,22.006184,2017+AC0-03+AC0-06,+ACI-SCIX+ACI-
23.049999,23.049999,23.045,23.045,1000,22.087654,2017+AC0-03+AC0-07,+ACI-SCIX+ACI-
22.885,22.93,22.885,22.93,900,21.977432,2017+AC0-03+AC0-08,+ACI-SCIX+ACI-
22.747999,22.747999,22.65,22.65,700,21.709063,2017+AC0-03+AC0-09,+ACI-SCIX+ACI-
22.881001,22.959999,22.881001,22.959999,1200,22.006184,2017+AC0-03+AC0-10,+ACI-SCIX+ACI-
23.049999,23.059999,23.025999,23.025999,500,22.069443,2017+AC0-03+AC0-13,+ACI-SCIX+ACI-
22.92,22.940001,22.92,22.936001,900,21.983183,2017+AC0-03+AC0-14,+ACI-SCIX+ACI-
23.1,23.1,23.1,23.1,500,22.140369,2017+AC0-03+AC0-15,+ACI-SCIX+ACI-
23.43,23.450001,23.398001,23.450001,600,22.47583,2017+AC0-03+AC0-16,+ACI-SCIX+ACI-
23.450001,23.49,23.398001,23.49,600,22.514168,2017+AC0-03+AC0-17,+ACI-SCIX+ACI-
23.32,23.4,23.32,23.399,800,22.426949,2017+AC0-03+AC0-20,+ACI-SCIX+ACI-
23.33,23.33,23.268,23.33,1000,22.360813,2017+AC0-03+AC0-21,+ACI-SCIX+ACI-
23.33,23.33,23.33,23.33,0,22.360813,2017+AC0-03+AC0-22,+ACI-SCIX+ACI-
23.33,23.33,23.33,23.33,0,22.360813,2017+AC0-03+AC0-23,+ACI-SCIX+ACI-
23.41,23.41,23.41,23.41,100,22.43749,2017+AC0-03+AC0-24,+ACI-SCIX+ACI-
23.25,23.4,23.25,23.351,1500,22.380941,2017+AC0-03+AC0-27,+ACI-SCIX+ACI-
23.514999,23.514999,23.514999,23.514999,300,22.538128,2017+AC0-03+AC0-28,+ACI-SCIX+ACI-
23.629,23.67,23.629,23.67,500,22.686689,2017+AC0-03+AC0-29,+ACI-SCIX+ACI-
23.67,23.67,23.67,23.67,0,22.686689,2017+AC0-03+AC0-30,+ACI-SCIX+ACI-
23.67,23.67,23.67,23.67,0,22.686689,2017+AC0-03+AC0-31,+ACI-SCIX+ACI-
23.620001,23.620001,23.548,23.58,900,22.600428,2017+AC0-04+AC0-03,+ACI-SCIX+ACI-
23.58,23.58,23.58,23.58,0,22.600428,2017+AC0-04+AC0-04,+ACI-SCIX+ACI-
23.58,23.58,23.58,23.58,0,22.600428,2017+AC0-04+AC0-05,+ACI-SCIX+ACI-
23.58,23.58,23.58,23.58,0,22.600428,2017+AC0-04+AC0-06,+ACI-SCIX+ACI-
23.625999,23.68,23.625999,23.68,700,22.696274,2017+AC0-04+AC0-07,+ACI-SCIX+ACI-
23.690001,23.709999,23.690001,23.697001,900,22.712568,2017+AC0-04+AC0-10,+ACI-SCIX+ACI-
23.66,23.66,23.646999,23.646999,1800,22.664644,2017+AC0-04+AC0-11,+ACI-SCIX+ACI-
23.628,23.780001,23.628,23.749001,2100,22.762409,2017+AC0-04+AC0-12,+ACI-SCIX+ACI-
23.780001,23.780001,23.780001,23.780001,100,22.79212,2017+AC0-04+AC0-13,+ACI-SCIX+ACI-
23.780001,23.780001,23.780001,23.780001,0,22.79212,2017+AC0-04+AC0-17,+ACI-SCIX+ACI-
23.549999,23.639999,23.549999,23.639999,1000,22.657936,2017+AC0-04+AC0-18,+ACI-SCIX+ACI-
23.700001,23.700001,23.6,23.6,1100,22.619598,2017+AC0-04+AC0-19,+ACI-SCIX+ACI-
23.577,23.586,23.577,23.586,300,22.60618,2017+AC0-04+AC0-20,+ACI-SCIX+ACI-
23.586,23.586,23.586,23.586,0,22.60618,2017+AC0-04+AC0-21,+ACI-SCIX+ACI-
23.725,23.736,23.725,23.736,500,22.749949,2017+AC0-04+AC0-24,+ACI-SCIX+ACI-
23.84,23.84,23.84,23.84,2200,22.849628,2017+AC0-04+AC0-25,+ACI-SCIX+ACI-
23.84,23.84,23.84,23.84,0,22.849628,2017+AC0-04+AC0-26,+ACI-SCIX+ACI-
23.84,23.84,23.84,23.84,0,22.849628,2017+AC0-04+AC0-27,+ACI-SCIX+ACI-
23.709999,23.709999,23.709999,23.709999,200,22.725027,2017+AC0-04+AC0-28,+ACI-SCIX+ACI-
24.030001,24.030001,24.030001,24.030001,300,23.031734,2017+AC0-05+AC0-01,+ACI-SCIX+ACI-
24.110001,24.110001,24.013,24.013,1500,23.015442,2017+AC0-05+AC0-02,+ACI-SCIX+ACI-
23.950001,23.950001,23.950001,23.950001,300,22.955059,2017+AC0-05+AC0-03,+ACI-SCIX+ACI-
23.806999,23.806999,23.806999,23.806999,500,22.817997,2017+AC0-05+AC0-04,+ACI-SCIX+ACI-
23.677999,23.700001,23.677999,23.684999,1600,22.701067,2017+AC0-05+AC0-05,+ACI-SCIX+ACI-
23.809999,23.82,23.809999,23.82,800,22.830458,2017+AC0-05+AC0-08,+ACI-SCIX+ACI-
23.83,23.858999,23.83,23.858999,400,22.867838,2017+AC0-05+AC0-09,+ACI-SCIX+ACI-
23.858999,23.858999,23.858999,23.858999,0,22.867838,2017+AC0-05+AC0-10,+ACI-SCIX+ACI-
23.9,23.9,23.886999,23.886999,500,22.894674,2017+AC0-05+AC0-11,+ACI-SCIX+ACI-
23.91,23.91,23.91,23.91,100,22.916719,2017+AC0-05+AC0-12,+ACI-SCIX+ACI-
24.02,24.02,23.995001,24.006001,3600,23.008732,2017+AC0-05+AC0-15,+ACI-SCIX+ACI-
24.006001,24.006001,24.006001,24.006001,0,23.008732,2017+AC0-05+AC0-16,+ACI-SCIX+ACI-
23.860001,23.860001,23.756001,23.756001,800,22.769117,2017+AC0-05+AC0-17,+ACI-SCIX+ACI-
23.83,23.9,23.83,23.9,800,22.907135,2017+AC0-05+AC0-18,+ACI-SCIX+ACI-
23.896,23.896,23.896,23.896,100,22.903301,2017+AC0-05+AC0-19,+ACI-SCIX+ACI-
23.896,23.896,23.896,23.896,0,22.903301,2017+AC0-05+AC0-22,+ACI-SCIX+ACI-
24.120001,24.120001,24.120001,24.120001,800,23.117996,2017+AC0-05+AC0-23,+ACI-SCIX+ACI-
24.139999,24.139999,24.139999,24.139999,300,23.137165,2017+AC0-05+AC0-24,+ACI-SCIX+ACI-
24.183001,24.183001,24.183001,24.183001,100,23.178379,2017+AC0-05+AC0-25,+ACI-SCIX+ACI-
24.120001,24.120001,24.120001,24.120001,800,23.117996,2017+AC0-05+AC0-26,+ACI-SCIX+ACI-
24.046,24.046,24.046,24.046,500,23.04707,2017+AC0-05+AC0-30,+ACI-SCIX+ACI-
24.01,24.01,24.01,24.01,500,23.012566,2017+AC0-05+AC0-31,+ACI-SCIX+ACI-
24.01,24.01,24.01,24.01,0,23.012566,2017+AC0-06+AC0-01,+ACI-SCIX+ACI-
24.348,24.469999,24.348,24.469999,700,23.453455,2017+AC0-06+AC0-02,+ACI-SCIX+ACI-
24.459999,24.459999,24.440001,24.459999,800,23.443871,2017+AC0-06+AC0-05,+ACI-SCIX+ACI-
24.42,24.440001,24.42,24.440001,500,23.424702,2017+AC0-06+AC0-06,+ACI-SCIX+ACI-
24.440001,24.440001,24.440001,24.440001,0,23.424702,2017+AC0-06+AC0-07,+ACI-SCIX+ACI-
24.440001,24.440001,24.440001,24.440001,0,23.424702,2017+AC0-06+AC0-08,+ACI-SCIX+ACI-
24.440001,24.440001,24.440001,24.440001,0,23.424702,2017+AC0-06+AC0-09,+ACI-SCIX+ACI-
24.950001,24.950001,24.950001,24.950001,200,23.913517,2017+AC0-06+AC0-12,+ACI-SCIX+ACI-
24.950001,24.950001,24.950001,24.950001,0,23.913517,2017+AC0-06+AC0-13,+ACI-SCIX+ACI-
24.746,24.747999,24.746,24.747999,300,23.719906,2017+AC0-06+AC0-14,+ACI-SCIX+ACI-
24.530001,24.530001,24.51,24.51,600,23.491795,2017+AC0-06+AC0-15,+ACI-SCIX+ACI-
24.43,24.43,24.416,24.416,400,23.401699,2017+AC0-06+AC0-16,+ACI-SCIX+ACI-
24.620001,24.620001,24.546,24.546,500,23.526299,2017+AC0-06+AC0-19,+ACI-SCIX+ACI-
24.389999,24.389999,24.379999,24.379999,600,23.367193,2017+AC0-06+AC0-20,+ACI-SCIX+ACI-
24.379999,24.379999,24.379999,24.379999,0,23.367193,2017+AC0-06+AC0-21,+ACI-SCIX+ACI-
24.24,24.27,24.24,24.27,1200,23.261765,2017+AC0-06+AC0-22,+ACI-SCIX+ACI-
24.209999,24.34,24.209999,24.34,2100,23.328856,2017+AC0-06+AC0-23,+ACI-SCIX+ACI-
24.33,24.33,24.33,24.33,200,23.319271,2017+AC0-06+AC0-26,+ACI-SCIX+ACI-
24.33,24.33,24.33,24.33,0,23.319271,2017+AC0-06+AC0-27,+ACI-SCIX+ACI-
24.440001,24.5,24.440001,24.487,3700,23.469749,2017+AC0-06+AC0-28,+ACI-SCIX+ACI-
24.540001,24.540001,24.527,24.527,2300,23.508089,2017+AC0-06+AC0-29,+ACI-SCIX+ACI-
24.368999,24.368999,24.368999,24.368999,300,23.356651,2017+AC0-06+AC0-30,+ACI-SCIX+ACI-
24.309999,24.309999,24.290001,24.299999,500,23.290518,2017+AC0-07+AC0-03,+ACI-SCIX+ACI-
24.299999,24.299999,24.299999,24.299999,0,23.290518,2017+AC0-07+AC0-05,+ACI-SCIX+ACI-
24.07,24.139999,24.07,24.101999,1200,23.100742,2017+AC0-07+AC0-06,+ACI-SCIX+ACI-
24.101999,24.101999,24.101999,24.101999,0,23.100742,2017+AC0-07+AC0-07,+ACI-SCIX+ACI-
24.07,24.15,24.059999,24.15,1000,23.146749,2017+AC0-07+AC0-10,+ACI-SCIX+ACI-
24.17,24.17,24.17,24.17,300,23.165918,2017+AC0-07+AC0-11,+ACI-SCIX+ACI-
24.24,24.24,24.24,24.24,300,23.233011,2017+AC0-07+AC0-12,+ACI-SCIX+ACI-
24.24,24.24,24.24,24.24,0,23.233011,2017+AC0-07+AC0-13,+ACI-SCIX+ACI-
24.24,24.24,24.24,24.24,0,23.233011,2017+AC0-07+AC0-14,+ACI-SCIX+ACI-
24.77,24.77,24.75,24.75,10500,23.721825,2017+AC0-07+AC0-17,+ACI-SCIX+ACI-
24.860001,24.860001,24.860001,24.860001,300,23.827255,2017+AC0-07+AC0-18,+ACI-SCIX+ACI-
25.030001,25.030001,25.030001,25.030001,700,23.990192,2017+AC0-07+AC0-19,+ACI-SCIX+ACI-
24.93,24.93,24.93,24.93,300,23.894346,2017+AC0-07+AC0-20,+ACI-SCIX+ACI-
24.93,24.93,24.74,24.74,2100,23.712238,2017+AC0-07+AC0-21,+ACI-SCIX+ACI-
24.74,24.74,24.74,24.74,0,23.712238,2017+AC0-07+AC0-24,+ACI-SCIX+ACI-
25.110001,25.110001,25.110001,25.110001,700,24.06687,2017+AC0-07+AC0-25,+ACI-SCIX+ACI-
24.959999,24.969999,24.889999,24.889999,10100,23.856007,2017+AC0-07+AC0-26,+ACI-SCIX+ACI-
24.889999,24.889999,24.889999,24.889999,0,23.856007,2017+AC0-07+AC0-27,+ACI-SCIX+ACI-
24.93,24.93,24.93,24.93,800,23.894346,2017+AC0-07+AC0-28,+ACI-SCIX+ACI-
24.9,24.9,24.9,24.9,600,23.865593,2017+AC0-07+AC0-31,+ACI-SCIX+ACI-
25.07,25.07,25.030001,25.040001,1100,23.999777,2017+AC0-08+AC0-01,+ACI-SCIX+ACI-
25.01,25.01,25.01,25.01,100,23.971024,2017+AC0-08+AC0-02,+ACI-SCIX+ACI-
25.120001,25.120001,25.120001,25.120001,400,24.076454,2017+AC0-08+AC0-03,+ACI-SCIX+ACI-
25.15,25.15,25.15,25.15,800,24.105207,2017+AC0-08+AC0-04,+ACI-SCIX+ACI-
25.209999,25.209999,25.209999,25.209999,800,24.162714,2017+AC0-08+AC0-07,+ACI-SCIX+ACI-
25.23,25.23,25.23,25.23,400,24.181883,2017+AC0-08+AC0-08,+ACI-SCIX+ACI-
25,25.18,24.99,25.18,1600,24.133961,2017+AC0-08+AC0-09,+ACI-SCIX+ACI-
25,25,24.92,24.92,1400,23.884762,2017+AC0-08+AC0-10,+ACI-SCIX+ACI-
24.870001,24.93,24.870001,24.93,900,23.894346,2017+AC0-08+AC0-11,+ACI-SCIX+ACI-
25.1,25.1,25.1,25.1,400,24.057285,2017+AC0-08+AC0-14,+ACI-SCIX+ACI-
25.1,25.1,25.1,25.1,0,24.057285,2017+AC0-08+AC0-15,+ACI-SCIX+ACI-
25.200001,25.200001,25.200001,25.200001,300,24.15313,2017+AC0-08+AC0-16,+ACI-SCIX+ACI-
25.309999,25.309999,25.275999,25.275999,1000,24.225971,2017+AC0-08+AC0-17,+ACI-SCIX+ACI-
25.200001,25.200001,25.139999,25.139999,1000,24.095621,2017+AC0-08+AC0-18,+ACI-SCIX+ACI-
24.969999,24.969999,24.969999,24.969999,300,23.932684,2017+AC0-08+AC0-21,+ACI-SCIX+ACI-
24.969999,24.969999,24.969999,24.969999,0,23.932684,2017+AC0-08+AC0-22,+ACI-SCIX+ACI-
25.26,25.26,25.246,25.246,200,24.19722,2017+AC0-08+AC0-23,+ACI-SCIX+ACI-
25.246,25.246,25.246,25.246,0,24.19722,2017+AC0-08+AC0-24,+ACI-SCIX+ACI-
25.15,25.389999,25.15,25.389999,1100,24.335236,2017+AC0-08+AC0-25,+ACI-SCIX+ACI-
25.219999,25.23,25.219999,25.221001,700,24.173258,2017+AC0-08+AC0-28,+ACI-SCIX+ACI-
25.221001,25.221001,25.221001,25.221001,0,24.173258,2017+AC0-08+AC0-29,+ACI-SCIX+ACI-
25.219999,25.219999,25.030001,25.030001,1800,23.990192,2017+AC0-08+AC0-30,+ACI-SCIX+ACI-
25.34,25.34,25.34,25.34,300,24.287313,2017+AC0-08+AC0-31,+ACI-SCIX+ACI-
25.34,25.34,25.34,25.34,0,24.287313,2017+AC0-09+AC0-01,+ACI-SCIX+ACI-
25.530001,25.530001,25.298,25.298,300,24.247059,2017+AC0-09+AC0-05,+ACI-SCIX+ACI-
25.298,25.298,25.298,25.298,100,24.247059,2017+AC0-09+AC0-06,+ACI-SCIX+ACI-
25.298,25.298,25.298,25.298,0,24.247059,2017+AC0-09+AC0-07,+ACI-SCIX+ACI-
25.298,25.298,25.298,25.298,0,24.247059,2017+AC0-09+AC0-08,+ACI-SCIX+ACI-
25.549999,25.75,25.549999,25.75,300,24.680281,2017+AC0-09+AC0-11,+ACI-SCIX+ACI-
25.679001,25.790001,25.679001,25.790001,600,24.71862,2017+AC0-09+AC0-12,+ACI-SCIX+ACI-
25.790001,25.790001,25.790001,25.790001,0,24.71862,2017+AC0-09+AC0-13,+ACI-SCIX+ACI-
25.790001,25.790001,25.790001,25.790001,0,24.71862,2017+AC0-09+AC0-14,+ACI-SCIX+ACI-
25.790001,25.790001,25.790001,25.790001,0,24.71862,2017+AC0-09+AC0-15,+ACI-SCIX+ACI-
25.75,25.75,25.75,25.75,300,24.680281,2017+AC0-09+AC0-18,+ACI-SCIX+ACI-
25.75,25.75,25.75,25.75,0,24.680281,2017+AC0-09+AC0-19,+ACI-SCIX+ACI-
25.75,25.75,25.75,25.75,0,24.680281,2017+AC0-09+AC0-20,+ACI-SCIX+ACI-
25.440001,25.440001,25.440001,25.440001,300,24.38316,2017+AC0-09+AC0-21,+ACI-SCIX+ACI-
25.32,25.32,25.290001,25.290001,800,24.239391,2017+AC0-09+AC0-22,+ACI-SCIX+ACI-
25.35,25.35,25.341,25.341,700,24.288271,2017+AC0-09+AC0-25,+ACI-SCIX+ACI-
25.23,25.290001,25.16,25.290001,1700,24.239391,2017+AC0-09+AC0-26,+ACI-SCIX+ACI-
25.290001,25.290001,25.290001,25.290001,0,24.239391,2017+AC0-09+AC0-27,+ACI-SCIX+ACI-
25.16,25.16,25.16,25.16,200,24.114792,2017+AC0-09+AC0-28,+ACI-SCIX+ACI-
25.450001,25.49,25.450001,25.450001,5700,24.392744,2017+AC0-09+AC0-29,+ACI-SCIX+ACI-
25.52,25.620001,25.51,25.620001,1500,24.555683,2017+AC0-10+AC0-02,+ACI-SCIX+ACI-
25.49,25.49,25.49,25.49,2000,24.431082,2017+AC0-10+AC0-03,+ACI-SCIX+ACI-
25.281,25.281,25.281,25.281,300,24.230764,2017+AC0-10+AC0-04,+ACI-SCIX+ACI-
25.57,25.57,25.525,25.57,700,24.507759,2017+AC0-10+AC0-05,+ACI-SCIX+ACI-
25.49,25.52,25.400999,25.52,1200,24.459837,2017+AC0-10+AC0-06,+ACI-SCIX+ACI-
25.52,25.52,25.52,25.52,0,24.459837,2017+AC0-10+AC0-09,+ACI-SCIX+ACI-
25.620001,25.620001,25.620001,25.620001,200,24.555683,2017+AC0-10+AC0-10,+ACI-SCIX+ACI-
25.620001,25.620001,25.620001,25.620001,0,24.555683,2017+AC0-10+AC0-11,+ACI-SCIX+ACI-
25.85,25.85,25.85,25.85,400,24.776127,2017+AC0-10+AC0-12,+ACI-SCIX+ACI-
25.879999,25.879999,25.860001,25.860001,600,24.785713,2017+AC0-10+AC0-13,+ACI-SCIX+ACI-
26.1,26.1,26.059999,26.059999,300,24.977404,2017+AC0-10+AC0-16,+ACI-SCIX+ACI-
26.059999,26.059999,26.059999,26.059999,0,24.977404,2017+AC0-10+AC0-17,+ACI-SCIX+ACI-
26.09,26.09,26.09,26.09,100,25.006157,2017+AC0-10+AC0-18,+ACI-SCIX+ACI-
25.969999,25.969999,25.969999,25.969999,100,24.891142,2017+AC0-10+AC0-19,+ACI-SCIX+ACI-
25.969999,25.969999,25.969999,25.969999,0,24.891142,2017+AC0-10+AC0-20,+ACI-SCIX+ACI-
25.969999,25.969999,25.969999,25.969999,0,24.891142,2017+AC0-10+AC0-23,+ACI-SCIX+ACI-
25.969999,25.969999,25.969999,25.969999,0,24.891142,2017+AC0-10+AC0-24,+ACI-SCIX+ACI-
25.969999,25.969999,25.969999,25.969999,0,24.891142,2017+AC0-10+AC0-25,+ACI-SCIX+ACI-
25.969999,25.969999,25.969999,25.969999,0,24.891142,2017+AC0-10+AC0-26,+ACI-SCIX+ACI-
25.969999,25.969999,25.969999,25.969999,0,24.891142,2017+AC0-10+AC0-27,+ACI-SCIX+ACI-
25.771,25.870001,25.771,25.771,1000,24.700409,2017+AC0-10+AC0-30,+ACI-SCIX+ACI-
25.91,25.950001,25.9,25.93,5200,24.852804,2017+AC0-10+AC0-31,+ACI-SCIX+ACI-
26.059999,26.059999,26.040001,26.040001,1000,24.958235,2017+AC0-11+AC0-01,+ACI-SCIX+ACI-
26.08,26.129999,26.08,26.129999,900,25.044495,2017+AC0-11+AC0-02,+ACI-SCIX+ACI-
26.17,26.17,26.15,26.15,4500,25.063663,2017+AC0-11+AC0-03,+ACI-SCIX+ACI-
26.27,26.27,26.225,26.225,900,25.13555,2017+AC0-11+AC0-06,+ACI-SCIX+ACI-
26.360001,26.360001,26.299999,26.309,600,25.216059,2017+AC0-11+AC0-07,+ACI-SCIX+ACI-
26.34,26.469,26.32,26.469,2800,25.369411,2017+AC0-11+AC0-08,+ACI-SCIX+ACI-
26.509001,26.509001,26.509001,26.509001,100,25.407751,2017+AC0-11+AC0-09,+ACI-SCIX+ACI-
26.441,26.441,26.441,26.441,200,25.342575,2017+AC0-11+AC0-10,+ACI-SCIX+ACI-
26.52,26.52,26.450001,26.469,1500,25.369411,2017+AC0-11+AC0-13,+ACI-SCIX+ACI-
26.4,26.4,26.204,26.204,3200,25.115421,2017+AC0-11+AC0-14,+ACI-SCIX+ACI-
26.204,26.204,26.204,26.204,0,25.115421,2017+AC0-11+AC0-15,+ACI-SCIX+ACI-
26.25,26.309999,26.25,26.309999,900,25.217016,2017+AC0-11+AC0-16,+ACI-SCIX+ACI-
26.209999,26.209999,26.209999,26.209999,300,25.12117,2017+AC0-11+AC0-17,+ACI-SCIX+ACI-
26.209999,26.209999,26.209999,26.209999,200,25.12117,2017+AC0-11+AC0-20,+ACI-SCIX+ACI-
26.25,26.25,26.25,26.25,100,25.15951,2017+AC0-11+AC0-21,+ACI-SCIX+ACI-
26.459999,26.469999,26.316999,26.381001,2200,25.285069,2017+AC0-11+AC0-22,+ACI-SCIX+ACI-
26.381001,26.381001,26.381001,26.381001,0,25.285069,2017+AC0-11+AC0-24,+ACI-SCIX+ACI-
26.381001,26.381001,26.381001,26.381001,0,25.285069,2017+AC0-11+AC0-27,+ACI-SCIX+ACI-
26.549999,26.58,26.549999,26.58,400,25.475801,2017+AC0-11+AC0-28,+ACI-SCIX+ACI-
26.370001,26.448,26.370001,26.448,900,25.349285,2017+AC0-11+AC0-29,+ACI-SCIX+ACI-
26.440001,26.440001,26.440001,26.440001,100,25.341618,2017+AC0-11+AC0-30,+ACI-SCIX+ACI-
26.309999,26.5,26.309999,26.497999,600,25.397207,2017+AC0-12+AC0-01,+ACI-SCIX+ACI-
26.469999,26.469999,26.225,26.225,4700,25.13555,2017+AC0-12+AC0-04,+ACI-SCIX+ACI-
26.225,26.225,26.225,26.225,0,25.13555,2017+AC0-12+AC0-05,+ACI-SCIX+ACI-
26.105,26.105,26.105,26.105,300,25.020533,2017+AC0-12+AC0-06,+ACI-SCIX+ACI-
26.02,26.02,26.02,26.02,100,24.939066,2017+AC0-12+AC0-07,+ACI-SCIX+ACI-
26.209999,26.32,26.209999,26.32,400,25.226603,2017+AC0-12+AC0-08,+ACI-SCIX+ACI-
26.32,26.32,26.32,26.32,0,25.226603,2017+AC0-12+AC0-11,+ACI-SCIX+ACI-
26.32,26.32,26.32,26.32,0,25.226603,2017+AC0-12+AC0-12,+ACI-SCIX+ACI-
26.32,26.32,26.32,26.32,0,25.226603,2017+AC0-12+AC0-13,+ACI-SCIX+ACI-
26.438999,26.438999,26.438999,26.438999,800,25.340658,2017+AC0-12+AC0-14,+ACI-SCIX+ACI-
26.59,26.59,26.542999,26.542999,6600,25.440338,2017+AC0-12+AC0-15,+ACI-SCIX+ACI-
26.73,26.73,26.625,26.625,1200,25.518932,2017+AC0-12+AC0-18,+ACI-SCIX+ACI-
26.625,26.625,26.625,26.625,0,25.518932,2017+AC0-12+AC0-19,+ACI-SCIX+ACI-
26.709999,26.709999,26.709999,26.709999,200,25.600399,2017+AC0-12+AC0-20,+ACI-SCIX+ACI-
26.65,26.85,26.65,26.83,3500,25.715416,2017+AC0-12+AC0-21,+ACI-SCIX+ACI-
26.65,26.65,26.65,26.65,200,25.542892,2017+AC0-12+AC0-22,+ACI-SCIX+ACI-
26.84,26.84,26.84,26.84,100,25.725,2017+AC0-12+AC0-26,+ACI-SCIX+ACI-
26.84,26.84,26.84,26.84,0,25.725,2017+AC0-12+AC0-27,+ACI-SCIX+ACI-
25.99,25.99,25.83,25.882,800,25.882,2017+AC0-12+AC0-28,+ACI-SCIX+ACI-
25.9,25.9,25.799999,25.895,1900,25.895,2017+AC0-12+AC0-29,+ACI-SCIX+ACI-
25.895,25.895,25.895,25.895,0,25.895,2018+AC0-01+AC0-02,+ACI-SCIX+ACI-
26.059999,26.059999,26.059999,26.059999,600,26.059999,2018+AC0-01+AC0-03,+ACI-SCIX+ACI-
26.110001,26.23,26.110001,26.23,500,26.23,2018+AC0-01+AC0-04,+ACI-SCIX+ACI-
26.23,26.23,26.23,26.23,0,26.23,2018+AC0-01+AC0-05,+ACI-SCIX+ACI-
26.323999,26.488001,26.323999,26.488001,800,26.488001,2018+AC0-01+AC0-08,+ACI-SCIX+ACI-
26.379999,26.389999,26.379999,26.389999,600,26.389999,2018+AC0-01+AC0-09,+ACI-SCIX+ACI-
26.299999,26.43,26.299999,26.43,1700,26.43,2018+AC0-01+AC0-10,+ACI-SCIX+ACI-
26.389999,26.389999,26.389999,26.389999,500,26.389999,2018+AC0-01+AC0-11,+ACI-SCIX+ACI-
26.618,26.618,26.618,26.618,100,26.618,2018+AC0-01+AC0-12,+ACI-SCIX+ACI-
26.618,26.618,26.618,26.618,0,26.618,2018+AC0-01+AC0-16,+ACI-SCIX+ACI-
26.49,26.584,26.459999,26.506001,8500,26.506001,2018+AC0-01+AC0-17,+ACI-SCIX+ACI-
26.506001,26.506001,26.506001,26.506001,0,26.506001,2018+AC0-01+AC0-18,+ACI-SCIX+ACI-
26.577,26.577,26.577,26.577,100,26.577,2018+AC0-01+AC0-19,+ACI-SCIX+ACI-
26.853001,26.853001,26.853001,26.853001,100,26.853001,2018+AC0-01+AC0-22,+ACI-SCIX+ACI-
26.811001,26.811001,26.811001,26.811001,200,26.811001,2018+AC0-01+AC0-23,+ACI-SCIX+ACI-
27.02,27.030001,27.006001,27.006001,700,27.006001,2018+AC0-01+AC0-24,+ACI-SCIX+ACI-
27.08,27.08,27.08,27.08,100,27.08,2018+AC0-01+AC0-25,+ACI-SCIX+ACI-
27.08,27.08,27.08,27.08,0,27.08,2018+AC0-01+AC0-26,+ACI-SCIX+ACI-
27.08,27.08,27.08,27.08,0,27.08,2018+AC0-01+AC0-29,+ACI-SCIX+ACI-
26.752001,26.752001,26.752001,26.752001,200,26.752001,2018+AC0-01+AC0-30,+ACI-SCIX+ACI-
26.752001,26.752001,26.752001,26.752001,0,26.752001,2018+AC0-01+AC0-31,+ACI-SCIX+ACI-
26.752001,26.752001,26.752001,26.752001,0,26.752001,2018+AC0-02+AC0-01,+ACI-SCIX+ACI-
26.598,26.610001,26.598,26.610001,400,26.610001,2018+AC0-02+AC0-02,+ACI-SCIX+ACI-
26,26.209999,26,26.209999,800,26.209999,2018+AC0-02+AC0-05,+ACI-SCIX+ACI-
25.950001,25.969999,25.621,25.969999,1000,25.969999,2018+AC0-02+AC0-06,+ACI-SCIX+ACI-
25.68,25.719999,25.479,25.479,1500,25.479,2018+AC0-02+AC0-07,+ACI-SCIX+ACI-
25.17,25.299999,24.940001,24.940001,800,24.940001,2018+AC0-02+AC0-08,+ACI-SCIX+ACI-
24.528999,24.528999,24.48,24.48,1400,24.48,2018+AC0-02+AC0-09,+ACI-SCIX+ACI-
25.290001,25.290001,25.23,25.23,700,25.23,2018+AC0-02+AC0-12,+ACI-SCIX+ACI-
25.09,25.469999,25.09,25.469999,800,25.469999,2018+AC0-02+AC0-13,+ACI-SCIX+ACI-
25.149,25.5,25.149,25.429001,900,25.429001,2018+AC0-02+AC0-14,+ACI-SCIX+ACI-
25.429001,25.429001,25.429001,25.429001,0,25.429001,2018+AC0-02+AC0-15,+ACI-SCIX+ACI-
25.429001,25.429001,25.429001,25.429001,0,25.429001,2018+AC0-02+AC0-16,+ACI-SCIX+ACI-
25.75,25.969999,25.75,25.917999,500,25.917999,2018+AC0-02+AC0-20,+ACI-SCIX+ACI-
26.129999,26.129999,26.129999,26.129999,100,26.129999,2018+AC0-02+AC0-21,+ACI-SCIX+ACI-
26.129999,26.129999,26.129999,26.129999,0,26.129999,2018+AC0-02+AC0-22,+ACI-SCIX+ACI-
26.011999,26.011999,26.011999,26.011999,200,26.011999,2018+AC0-02+AC0-23,+ACI-SCIX+ACI-
26.18,26.360001,26.18,26.360001,800,26.360001,2018+AC0-02+AC0-26,+ACI-SCIX+ACI-
26.360001,26.360001,26.360001,26.360001,0,26.360001,2018+AC0-02+AC0-27,+ACI-SCIX+ACI-
26.139999,26.139999,25.9,25.9,2200,25.9,2018+AC0-02+AC0-28,+ACI-SCIX+ACI-
25.9,25.9,25.9,25.9,0,25.9,2018+AC0-03+AC0-01,+ACI-SCIX+ACI-
25.650999,25.650999,25.650999,25.650999,200,25.650999,2018+AC0-03+AC0-02,+ACI-SCIX+ACI-
25.650999,25.650999,25.650999,25.650999,0,25.650999,2018+AC0-03+AC0-05,+ACI-SCIX+ACI-
25.98,25.98,25.98,25.98,200,25.98,2018+AC0-03+AC0-06,+ACI-SCIX+ACI-
25.820999,25.820999,25.820999,25.820999,200,25.820999,2018+AC0-03+AC0-07,+ACI-SCIX+ACI-
25.820999,25.820999,25.820999,25.820999,0,25.820999,2018+AC0-03+AC0-08,+ACI-SCIX+ACI-
25.820999,25.820999,25.820999,25.820999,0,25.820999,2018+AC0-03+AC0-09,+ACI-SCIX+ACI-
25.820999,25.820999,25.820999,25.820999,0,25.820999,2018+AC0-03+AC0-12,+ACI-SCIX+ACI-
26.700001,26.700001,26.399,26.399,800,26.399,2018+AC0-03+AC0-13,+ACI-SCIX+ACI-
26.709999,26.709999,26.42,26.461,7600,26.461,2018+AC0-03+AC0-14,+ACI-SCIX+ACI-
26.25,26.25,26.17,26.17,500,26.17,2018+AC0-03+AC0-15,+ACI-SCIX+ACI-
26.35,26.35,26.35,26.35,1300,26.35,2018+AC0-03+AC0-16,+ACI-SCIX+ACI-
26.232,26.232,26.232,26.232,400,26.232,2018+AC0-03+AC0-19,+ACI-SCIX+ACI-
26.25,26.379999,26.25,26.292999,6800,26.292999,2018+AC0-03+AC0-20,+ACI-SCIX+ACI-
26.25,26.379999,26.25,26.379999,2400,26.379999,2018+AC0-03+AC0-21,+ACI-SCIX+ACI-
26.379999,26.379999,26.379999,26.379999,0,26.379999,2018+AC0-03+AC0-22,+ACI-SCIX+ACI-
25.75,25.75,25.75,25.75,400,25.75,2018+AC0-03+AC0-23,+ACI-SCIX+ACI-
25.690001,25.690001,25.690001,25.690001,100,25.690001,2018+AC0-03+AC0-26,+ACI-SCIX+ACI-
25.690001,25.690001,25.690001,25.690001,100,25.690001,2018+AC0-03+AC0-27,+ACI-SCIX+ACI-
25.690001,25.690001,25.690001,25.690001,0,25.690001,2018+AC0-03+AC0-28,+ACI-SCIX+ACI-
25.752001,25.752001,25.752001,25.752001,200,25.752001,2018+AC0-03+AC0-29,+ACI-SCIX+ACI-
25.752001,25.752001,25.752001,25.752001,0,25.752001,2018+AC0-04+AC0-02,+ACI-SCIX+ACI-
25.85,25.85,25.75,25.848,4500,25.848,2018+AC0-04+AC0-03,+ACI-SCIX+ACI-
25.848,25.848,25.848,25.848,0,25.848,2018+AC0-04+AC0-04,+ACI-SCIX+ACI-
25.848,25.848,25.848,25.848,0,25.848,2018+AC0-04+AC0-05,+ACI-SCIX+ACI-
25.5,25.584999,25.5,25.547001,2700,25.547001,2018+AC0-04+AC0-06,+ACI-SCIX+ACI-
26.030001,26.030001,25.85,25.98,2500,25.98,2018+AC0-04+AC0-09,+ACI-SCIX+ACI-
25.98,25.98,25.98,25.98,0,25.98,2018+AC0-04+AC0-10,+ACI-SCIX+ACI-
26.059999,26.125,26.059999,26.1,3200,26.1,2018+AC0-04+AC0-11,+ACI-SCIX+ACI-
26.143,26.143,26,26,4800,26,2018+AC0-04+AC0-12,+ACI-SCIX+ACI-
26,26,26,26,0,26,2018+AC0-04+AC0-13,+ACI-SCIX+ACI-
26,26,26,26,0,26,2018+AC0-04+AC0-16,+ACI-SCIX+ACI-
26.1,26.1,26.052,26.052,300,26.052,2018+AC0-04+AC0-17,+ACI-SCIX+ACI-
26.052,26.052,26.052,26.052,0,26.052,2018+AC0-04+AC0-18,+ACI-SCIX+ACI-
26.09,26.200001,26.061001,26.061001,3900,26.061001,2018+AC0-04+AC0-19,+ACI-SCIX+ACI-
26.061001,26.061001,26.061001,26.061001,0,26.061001,2018+AC0-04+AC0-20,+ACI-SCIX+ACI-
25.879999,25.879999,25.674999,25.690001,3700,25.690001,2018+AC0-04+AC0-23,+ACI-SCIX+ACI-
25.6,25.6,25.6,25.6,100,25.6,2018+AC0-04+AC0-24,+ACI-SCIX+ACI-
25.475,25.57,25.389999,25.464001,3000,25.464001,2018+AC0-04+AC0-25,+ACI-SCIX+ACI-
25.66,25.75,25.65,25.731001,7600,25.731001,2018+AC0-04+AC0-26,+ACI-SCIX+ACI-
25.731001,25.731001,25.731001,25.731001,0,25.731001,2018+AC0-04+AC0-27,+ACI-SCIX+ACI-
25.950001,25.959999,25.950001,25.950001,1900,25.950001,2018+AC0-04+AC0-30,+ACI-SCIX+ACI-
25.950001,25.950001,25.950001,25.950001,0,25.950001,2018+AC0-05+AC0-01,+ACI-SCIX+ACI-
25.799999,26.049999,25.799999,26.049999,1000,26.049999,2018+AC0-05+AC0-02,+ACI-SCIX+ACI-
25.76,25.788,25.76,25.788,300,25.788,2018+AC0-05+AC0-03,+ACI-SCIX+ACI-
25.788,25.788,25.788,25.788,0,25.788,2018+AC0-05+AC0-04,+ACI-SCIX+ACI-
25.799999,25.799999,25.76,25.76,700,25.76,2018+AC0-05+AC0-07,+ACI-SCIX+ACI-
25.85,25.85,25.85,25.85,300,25.85,2018+AC0-05+AC0-08,+ACI-SCIX+ACI-
25.85,25.85,25.85,25.85,0,25.85,2018+AC0-05+AC0-09,+ACI-SCIX+ACI-
25.85,25.85,25.85,25.85,0,25.85,2018+AC0-05+AC0-10,+ACI-SCIX+ACI-
25.85,25.85,25.85,25.85,0,25.85,2018+AC0-05+AC0-11,+ACI-SCIX+ACI-
25.85,25.85,25.85,25.85,0,25.85,2018+AC0-05+AC0-14,+ACI-SCIX+ACI-
25.85,25.85,25.85,25.85,0,25.85,2018+AC0-05+AC0-15,+ACI-SCIX+ACI-
25.85,25.85,25.85,25.85,0,25.85,2018+AC0-05+AC0-16,+ACI-SCIX+ACI-
26.110001,26.110001,26.07,26.07,500,26.07,2018+AC0-05+AC0-17,+ACI-SCIX+ACI-
25.799999,25.799999,25.799999,25.799999,400,25.799999,2018+AC0-05+AC0-18,+ACI-SCIX+ACI-
25.799999,25.799999,25.799999,25.799999,0,25.799999,2018+AC0-05+AC0-21,+ACI-SCIX+ACI-
26.08,26.08,26.08,26.08,300,26.08,2018+AC0-05+AC0-22,+ACI-SCIX+ACI-
25.9,25.9,25.879999,25.879999,900,25.879999,2018+AC0-05+AC0-23,+ACI-SCIX+ACI-
25.9,25.9,25.68,25.719999,1600,25.719999,2018+AC0-05+AC0-24,+ACI-SCIX+ACI-
25.719999,25.719999,25.719999,25.719999,0,25.719999,2018+AC0-05+AC0-25,+ACI-SCIX+ACI-
25.629999,25.629999,25.629999,25.629999,100,25.629999,2018+AC0-05+AC0-29,+ACI-SCIX+ACI-
25.629999,25.629999,25.629999,25.629999,0,25.629999,2018+AC0-05+AC0-30,+ACI-SCIX+ACI-
26,26,25.937,25.937,400,25.937,2018+AC0-05+AC0-31,+ACI-SCIX+ACI-
25.937,25.937,25.937,25.937,0,25.937,2018+AC0-06+AC0-01,+ACI-SCIX+ACI-
26.110001,26.110001,26.110001,26.110001,600,26.110001,2018+AC0-06+AC0-04,+ACI-SCIX+ACI-
26.110001,26.110001,26.110001,26.110001,0,26.110001,2018+AC0-06+AC0-05,+ACI-SCIX+ACI-
26.280001,26.488001,26.26,26.48,3700,26.48,2018+AC0-06+AC0-06,+ACI-SCIX+ACI-
26.48,26.48,26.48,26.48,0,26.48,2018+AC0-06+AC0-07,+ACI-SCIX+ACI-
26.17,26.18,26.17,26.18,300,26.18,2018+AC0-06+AC0-08,+ACI-SCIX+ACI-
26.35,26.35,26.35,26.35,100,26.35,2018+AC0-06+AC0-11,+ACI-SCIX+ACI-
26.26,26.26,26.021999,26.021999,500,26.021999,2018+AC0-06+AC0-12,+ACI-SCIX+ACI-
26.044001,26.200001,26.044001,26.200001,1800,26.200001,2018+AC0-06+AC0-13,+ACI-SCIX+ACI-
26.200001,26.200001,26.200001,26.200001,0,26.200001,2018+AC0-06+AC0-14,+ACI-SCIX+ACI-
26.200001,26.200001,26.200001,26.200001,0,26.200001,2018+AC0-06+AC0-15,+ACI-SCIX+ACI-
25.860001,25.860001,25.780001,25.85,4000,25.85,2018+AC0-06+AC0-18,+ACI-SCIX+ACI-
25.530001,25.530001,25.530001,25.530001,400,25.530001,2018+AC0-06+AC0-19,+ACI-SCIX+ACI-
25.419001,25.530001,25.4,25.49,2200,25.49,2018+AC0-06+AC0-20,+ACI-SCIX+ACI-
25.49,25.49,25.49,25.49,0,25.49,2018+AC0-06+AC0-21,+ACI-SCIX+ACI-
25.540001,25.540001,25.540001,25.540001,200,25.540001,2018+AC0-06+AC0-22,+ACI-SCIX+ACI-
25.540001,25.540001,25.540001,25.540001,0,25.540001,2018+AC0-06+AC0-25,+ACI-SCIX+ACI-
25.540001,25.540001,25.540001,25.540001,0,25.540001,2018+AC0-06+AC0-26,+ACI-SCIX+ACI-
25.540001,25.540001,25.540001,25.540001,0,25.540001,2018+AC0-06+AC0-27,+ACI-SCIX+ACI-
24.950001,24.959999,24.950001,24.959999,1500,24.959999,2018+AC0-06+AC0-28,+ACI-SCIX+ACI-
25.172001,25.172001,25.172001,25.172001,100,25.172001,2018+AC0-06+AC0-29,+ACI-SCIX+ACI-
25.172001,25.172001,25.172001,25.172001,100,25.172001,2018+AC0-07+AC0-02,+ACI-SCIX+ACI-
25.172001,25.172001,25.172001,25.172001,0,25.172001,2018+AC0-07+AC0-03,+ACI-SCIX+ACI-
25.030001,25.030001,25.030001,25.030001,300,25.030001,2018+AC0-07+AC0-05,+ACI-SCIX+ACI-
25.25,25.25,25.25,25.25,400,25.25,2018+AC0-07+AC0-06,+ACI-SCIX+ACI-
25.74,25.74,25.74,25.74,100,25.74,2018+AC0-07+AC0-09,+ACI-SCIX+ACI-
25.74,25.74,25.74,25.74,0,25.74,2018+AC0-07+AC0-10,+ACI-SCIX+ACI-
25.74,25.74,25.74,25.74,0,25.74,2018+AC0-07+AC0-11,+ACI-SCIX+ACI-
25.23,25.322001,25.23,25.322001,1400,25.322001,2018+AC0-07+AC0-12,+ACI-SCIX+ACI-
25.23,25.41,25.23,25.41,800,25.41,2018+AC0-07+AC0-13,+ACI-SCIX+ACI-
25.440001,25.440001,25.440001,25.440001,200,25.440001,2018+AC0-07+AC0-16,+ACI-SCIX+ACI-
25.440001,25.440001,25.440001,25.440001,0,25.440001,2018+AC0-07+AC0-17,+ACI-SCIX+ACI-
25.440001,25.440001,25.440001,25.440001,0,25.440001,2018+AC0-07+AC0-18,+ACI-SCIX+ACI-
